"n_features","feature_set","model","train_environment","test_environment","accuracy","sensitivity","specificity","f1_score","balanced_accuracy"
1,"var_roc_mean_mag","Decision Tree","Foil","Foil",0.76,0.76,0.76,0.7374,0.76
1,"var_roc_mean_mag","Decision Tree","Foil","No Foil",0.54,0.08,1,0.5714,0.54
1,"var_roc_mean_mag","Decision Tree","Foil","Open",0.5,0,1,NA,0.5
1,"var_roc_mean_mag","Decision Tree","No Foil","Foil",0.6,0.96,0.24,0.7206,0.6
1,"var_roc_mean_mag","Decision Tree","No Foil","No Foil",0.6,0.68,0.52,0.6804,0.6
1,"var_roc_mean_mag","Decision Tree","No Foil","Open",0.8,0.6,1,1,0.8
1,"var_roc_mean_mag","Decision Tree","Open","Foil",0.52,1,0.04,0.6762,0.52
1,"var_roc_mean_mag","Decision Tree","Open","No Foil",0.78,1,0.56,0.8429,0.78
1,"var_roc_mean_mag","Decision Tree","Open","Open",0.98,0.96,1,0.9778,0.98
1,"var_roc_mean_mag","Logistic Regression","Foil","Foil",0.8,0.76,0.84,0.7651,0.8
1,"var_roc_mean_mag","Logistic Regression","Foil","No Foil",0.5,0,1,NA,0.5
1,"var_roc_mean_mag","Logistic Regression","Foil","Open",0.5,0,1,NA,0.5
1,"var_roc_mean_mag","Logistic Regression","No Foil","Foil",0.6,0.96,0.24,0.7138,0.6
1,"var_roc_mean_mag","Logistic Regression","No Foil","No Foil",0.74,0.68,0.8,0.8264,0.74
1,"var_roc_mean_mag","Logistic Regression","No Foil","Open",0.6,0.2,1,0.6607,0.6
1,"var_roc_mean_mag","Logistic Regression","Open","Foil",0.52,1,0.04,0.6762,0.52
1,"var_roc_mean_mag","Logistic Regression","Open","No Foil",0.78,1,0.56,0.8429,0.78
1,"var_roc_mean_mag","Logistic Regression","Open","Open",0.98,0.96,1,0.9778,0.98
1,"var_roc_mean_mag","Random Forest","Foil","Foil",0.78,0.72,0.84,0.7301,0.78
1,"var_roc_mean_mag","Random Forest","Foil","No Foil",0.52,0.12,0.92,0.4524,0.52
1,"var_roc_mean_mag","Random Forest","Foil","Open",0.5,0,1,NA,0.5
1,"var_roc_mean_mag","Random Forest","No Foil","Foil",0.74,1,0.48,0.8152,0.74
1,"var_roc_mean_mag","Random Forest","No Foil","No Foil",0.7,0.64,0.76,0.6719,0.7
1,"var_roc_mean_mag","Random Forest","No Foil","Open",0.66,0.32,1,0.5317,0.66
1,"var_roc_mean_mag","Random Forest","Open","Foil",0.52,1,0.04,0.6762,0.52
1,"var_roc_mean_mag","Random Forest","Open","No Foil",0.78,1,0.56,0.8429,0.78
1,"var_roc_mean_mag","Random Forest","Open","Open",0.98,0.96,1,0.9778,0.98
1,"var_roc_mean_mag","SVM","Foil","Foil",0.8,0.76,0.84,0.7651,0.8
1,"var_roc_mean_mag","SVM","Foil","No Foil",0.5,0,1,NA,0.5
1,"var_roc_mean_mag","SVM","Foil","Open",0.5,0,1,NA,0.5
1,"var_roc_mean_mag","SVM","No Foil","Foil",0.64,0.96,0.32,0.7362,0.64
1,"var_roc_mean_mag","SVM","No Foil","No Foil",0.72,0.64,0.8,0.7917,0.72
1,"var_roc_mean_mag","SVM","No Foil","Open",0.54,0.08,1,0.5714,0.54
1,"var_roc_mean_mag","SVM","Open","Foil",0.54,1,0.08,0.6857,0.54
1,"var_roc_mean_mag","SVM","Open","No Foil",0.78,1,0.56,0.8429,0.78
1,"var_roc_mean_mag","SVM","Open","Open",0.98,0.96,1,0.9778,0.98
1,"var_roc_mean_pha","Decision Tree","Foil","Foil",0.7,0.72,0.68,0.8016,0.7
1,"var_roc_mean_pha","Decision Tree","Foil","No Foil",0.54,0.08,1,0.3333,0.54
1,"var_roc_mean_pha","Decision Tree","Foil","Open",0.5,0,1,NA,0.5
1,"var_roc_mean_pha","Decision Tree","No Foil","Foil",0.66,1,0.32,0.7634,0.66
1,"var_roc_mean_pha","Decision Tree","No Foil","No Foil",0.52,0.48,0.56,0.6111,0.52
1,"var_roc_mean_pha","Decision Tree","No Foil","Open",0.7,0.4,1,1,0.7
1,"var_roc_mean_pha","Decision Tree","Open","Foil",0.58,1,0.16,0.7062,0.58
1,"var_roc_mean_pha","Decision Tree","Open","No Foil",0.78,1,0.56,0.8485,0.78
1,"var_roc_mean_pha","Decision Tree","Open","Open",1,1,1,1,1
1,"var_roc_mean_pha","Logistic Regression","Foil","Foil",0.68,0.76,0.6,0.8056,0.68
1,"var_roc_mean_pha","Logistic Regression","Foil","No Foil",0.5,0.24,0.76,0.4762,0.5
1,"var_roc_mean_pha","Logistic Regression","Foil","Open",0.5,0.2,0.8,0.6667,0.5
1,"var_roc_mean_pha","Logistic Regression","No Foil","Foil",0.72,0.96,0.48,0.7968,0.72
1,"var_roc_mean_pha","Logistic Regression","No Foil","No Foil",0.64,0.48,0.8,0.7381,0.64
1,"var_roc_mean_pha","Logistic Regression","No Foil","Open",0.5,0,1,NA,0.5
1,"var_roc_mean_pha","Logistic Regression","Open","Foil",0.58,1,0.16,0.7062,0.58
1,"var_roc_mean_pha","Logistic Regression","Open","No Foil",0.78,1,0.56,0.8485,0.78
1,"var_roc_mean_pha","Logistic Regression","Open","Open",1,1,1,1,1
1,"var_roc_mean_pha","Random Forest","Foil","Foil",0.78,0.8,0.76,0.7509,0.78
1,"var_roc_mean_pha","Random Forest","Foil","No Foil",0.56,0.32,0.8,0.6032,0.56
1,"var_roc_mean_pha","Random Forest","Foil","Open",0.5,0,1,NA,0.5
1,"var_roc_mean_pha","Random Forest","No Foil","Foil",0.64,0.84,0.44,0.7004,0.64
1,"var_roc_mean_pha","Random Forest","No Foil","No Foil",0.48,0.4,0.56,0.6032,0.48
1,"var_roc_mean_pha","Random Forest","No Foil","Open",0.82,0.64,1,0.8819,0.82
1,"var_roc_mean_pha","Random Forest","Open","Foil",0.58,1,0.16,0.7062,0.58
1,"var_roc_mean_pha","Random Forest","Open","No Foil",0.78,1,0.56,0.8485,0.78
1,"var_roc_mean_pha","Random Forest","Open","Open",1,1,1,1,1
1,"var_roc_mean_pha","SVM","Foil","Foil",0.68,0.76,0.6,0.8056,0.68
1,"var_roc_mean_pha","SVM","Foil","No Foil",0.52,0.44,0.6,0.5556,0.52
1,"var_roc_mean_pha","SVM","Foil","Open",0.5,0.4,0.6,0.6667,0.5
1,"var_roc_mean_pha","SVM","No Foil","Foil",0.72,1,0.44,0.8095,0.72
1,"var_roc_mean_pha","SVM","No Foil","No Foil",0.6,0.48,0.72,0.6919,0.6
1,"var_roc_mean_pha","SVM","No Foil","Open",0.5,0,1,NA,0.5
1,"var_roc_mean_pha","SVM","Open","Foil",0.58,1,0.16,0.7062,0.58
1,"var_roc_mean_pha","SVM","Open","No Foil",0.76,0.96,0.56,0.8263,0.76
1,"var_roc_mean_pha","SVM","Open","Open",1,1,1,1,1
1,"var_roc_std_mag","Decision Tree","Foil","Foil",0.98,0.96,1,0.9778,0.98
1,"var_roc_std_mag","Decision Tree","Foil","No Foil",0.56,0.12,1,0.4524,0.56
1,"var_roc_std_mag","Decision Tree","Foil","Open",0.5,0,1,NA,0.5
1,"var_roc_std_mag","Decision Tree","No Foil","Foil",0.58,1,0.16,0.7152,0.58
1,"var_roc_std_mag","Decision Tree","No Foil","No Foil",0.64,0.72,0.56,0.6502,0.64
1,"var_roc_std_mag","Decision Tree","No Foil","Open",0.96,0.92,1,0.95,0.96
1,"var_roc_std_mag","Decision Tree","Open","Foil",0.52,1,0.04,0.6762,0.52
1,"var_roc_std_mag","Decision Tree","Open","No Foil",0.74,1,0.48,0.8119,0.74
1,"var_roc_std_mag","Decision Tree","Open","Open",0.98,0.96,1,0.9778,0.98
1,"var_roc_std_mag","Logistic Regression","Foil","Foil",0.96,0.96,0.96,0.9596,0.96
1,"var_roc_std_mag","Logistic Regression","Foil","No Foil",0.56,0.12,1,0.4524,0.56
1,"var_roc_std_mag","Logistic Regression","Foil","Open",0.5,0,1,NA,0.5
1,"var_roc_std_mag","Logistic Regression","No Foil","Foil",0.6,0.96,0.24,0.7138,0.6
1,"var_roc_std_mag","Logistic Regression","No Foil","No Foil",0.6,0.52,0.68,0.7407,0.6
1,"var_roc_std_mag","Logistic Regression","No Foil","Open",0.52,0.04,1,0.3333,0.52
1,"var_roc_std_mag","Logistic Regression","Open","Foil",0.52,1,0.04,0.6762,0.52
1,"var_roc_std_mag","Logistic Regression","Open","No Foil",0.74,1,0.48,0.8119,0.74
1,"var_roc_std_mag","Logistic Regression","Open","Open",0.98,0.96,1,0.9778,0.98
1,"var_roc_std_mag","Random Forest","Foil","Foil",0.92,0.84,1,0.8921,0.92
1,"var_roc_std_mag","Random Forest","Foil","No Foil",0.58,0.16,1,0.5417,0.58
1,"var_roc_std_mag","Random Forest","Foil","Open",0.7,0.4,1,0.6359,0.7
1,"var_roc_std_mag","Random Forest","No Foil","Foil",0.68,0.96,0.4,0.7623,0.68
1,"var_roc_std_mag","Random Forest","No Foil","No Foil",0.64,0.72,0.56,0.6643,0.64
1,"var_roc_std_mag","Random Forest","No Foil","Open",0.74,0.48,1,0.5976,0.74
1,"var_roc_std_mag","Random Forest","Open","Foil",0.52,1,0.04,0.6762,0.52
1,"var_roc_std_mag","Random Forest","Open","No Foil",0.74,1,0.48,0.8119,0.74
1,"var_roc_std_mag","Random Forest","Open","Open",0.98,0.96,1,0.9778,0.98
1,"var_roc_std_mag","SVM","Foil","Foil",0.98,0.96,1,0.9778,0.98
1,"var_roc_std_mag","SVM","Foil","No Foil",0.56,0.12,1,0.4524,0.56
1,"var_roc_std_mag","SVM","Foil","Open",0.5,0,1,NA,0.5
1,"var_roc_std_mag","SVM","No Foil","Foil",0.64,0.96,0.32,0.7411,0.64
1,"var_roc_std_mag","SVM","No Foil","No Foil",0.64,0.48,0.8,0.7685,0.64
1,"var_roc_std_mag","SVM","No Foil","Open",0.5,0,1,NA,0.5
1,"var_roc_std_mag","SVM","Open","Foil",0.54,1,0.08,0.6872,0.54
1,"var_roc_std_mag","SVM","Open","No Foil",0.64,0.76,0.52,0.7598,0.64
1,"var_roc_std_mag","SVM","Open","Open",0.98,0.96,1,0.9778,0.98
1,"var_roc_pha_coh","Decision Tree","Foil","Foil",0.82,0.84,0.8,0.8,0.82
1,"var_roc_pha_coh","Decision Tree","Foil","No Foil",0.74,0.48,1,0.8571,0.74
1,"var_roc_pha_coh","Decision Tree","Foil","Open",0.5,0,1,NA,0.5
1,"var_roc_pha_coh","Decision Tree","No Foil","Foil",0.58,1,0.16,0.7095,0.58
1,"var_roc_pha_coh","Decision Tree","No Foil","No Foil",0.54,0.56,0.52,0.6869,0.54
1,"var_roc_pha_coh","Decision Tree","No Foil","Open",0.8,0.6,1,1,0.8
1,"var_roc_pha_coh","Decision Tree","Open","Foil",0.52,1,0.04,0.6762,0.52
1,"var_roc_pha_coh","Decision Tree","Open","No Foil",0.76,1,0.52,0.8333,0.76
1,"var_roc_pha_coh","Decision Tree","Open","Open",1,1,1,1,1
1,"var_roc_pha_coh","Logistic Regression","Foil","Foil",0.72,0.84,0.6,0.7333,0.72
1,"var_roc_pha_coh","Logistic Regression","Foil","No Foil",0.64,0.48,0.8,0.746,0.64
1,"var_roc_pha_coh","Logistic Regression","Foil","Open",0.5,0.2,0.8,0.6667,0.5
1,"var_roc_pha_coh","Logistic Regression","No Foil","Foil",0.84,0.96,0.72,0.8778,0.84
1,"var_roc_pha_coh","Logistic Regression","No Foil","No Foil",0.66,0.56,0.76,0.8091,0.66
1,"var_roc_pha_coh","Logistic Regression","No Foil","Open",0.56,0.12,1,0.75,0.56
1,"var_roc_pha_coh","Logistic Regression","Open","Foil",0.54,1,0.08,0.6872,0.54
1,"var_roc_pha_coh","Logistic Regression","Open","No Foil",0.76,1,0.52,0.8333,0.76
1,"var_roc_pha_coh","Logistic Regression","Open","Open",1,1,1,1,1
1,"var_roc_pha_coh","Random Forest","Foil","Foil",0.8,0.8,0.8,0.7778,0.8
1,"var_roc_pha_coh","Random Forest","Foil","No Foil",0.7,0.4,1,0.7738,0.7
1,"var_roc_pha_coh","Random Forest","Foil","Open",0.58,0.16,1,0.4127,0.58
1,"var_roc_pha_coh","Random Forest","No Foil","Foil",0.66,1,0.32,0.7547,0.66
1,"var_roc_pha_coh","Random Forest","No Foil","No Foil",0.7,0.52,0.88,0.8283,0.7
1,"var_roc_pha_coh","Random Forest","No Foil","Open",0.84,0.68,1,0.9097,0.84
1,"var_roc_pha_coh","Random Forest","Open","Foil",0.52,1,0.04,0.6762,0.52
1,"var_roc_pha_coh","Random Forest","Open","No Foil",0.76,1,0.52,0.8333,0.76
1,"var_roc_pha_coh","Random Forest","Open","Open",1,1,1,1,1
1,"var_roc_pha_coh","SVM","Foil","Foil",0.68,0.76,0.6,0.6833,0.68
1,"var_roc_pha_coh","SVM","Foil","No Foil",0.6,0.6,0.6,0.6637,0.6
1,"var_roc_pha_coh","SVM","Foil","Open",0.5,0.4,0.6,0.6667,0.5
1,"var_roc_pha_coh","SVM","No Foil","Foil",0.88,0.96,0.8,0.9111,0.88
1,"var_roc_pha_coh","SVM","No Foil","No Foil",0.72,0.52,0.92,0.8561,0.72
1,"var_roc_pha_coh","SVM","No Foil","Open",0.52,0.04,1,0.3333,0.52
1,"var_roc_pha_coh","SVM","Open","Foil",0.54,1,0.08,0.6872,0.54
1,"var_roc_pha_coh","SVM","Open","No Foil",0.78,1,0.56,0.8485,0.78
1,"var_roc_pha_coh","SVM","Open","Open",0.98,0.96,1,0.9778,0.98
2,"var_roc_mean_mag + var_roc_mean_pha","Decision Tree","Foil","Foil",0.7,0.76,0.64,0.6984,0.7
2,"var_roc_mean_mag + var_roc_mean_pha","Decision Tree","Foil","No Foil",0.5,0,1,NA,0.5
2,"var_roc_mean_mag + var_roc_mean_pha","Decision Tree","Foil","Open",0.5,0,1,NA,0.5
2,"var_roc_mean_mag + var_roc_mean_pha","Decision Tree","No Foil","Foil",0.62,0.96,0.28,0.7302,0.62
2,"var_roc_mean_mag + var_roc_mean_pha","Decision Tree","No Foil","No Foil",0.58,0.68,0.48,0.6685,0.58
2,"var_roc_mean_mag + var_roc_mean_pha","Decision Tree","No Foil","Open",0.8,0.6,1,1,0.8
2,"var_roc_mean_mag + var_roc_mean_pha","Decision Tree","Open","Foil",0.52,1,0.04,0.6762,0.52
2,"var_roc_mean_mag + var_roc_mean_pha","Decision Tree","Open","No Foil",0.78,1,0.56,0.8429,0.78
2,"var_roc_mean_mag + var_roc_mean_pha","Decision Tree","Open","Open",0.98,0.96,1,0.9778,0.98
2,"var_roc_mean_mag + var_roc_mean_pha","Logistic Regression","Foil","Foil",0.66,0.72,0.6,0.7778,0.66
2,"var_roc_mean_mag + var_roc_mean_pha","Logistic Regression","Foil","No Foil",0.52,0.04,1,0.3333,0.52
2,"var_roc_mean_mag + var_roc_mean_pha","Logistic Regression","Foil","Open",0.5,0,1,NA,0.5
2,"var_roc_mean_mag + var_roc_mean_pha","Logistic Regression","No Foil","Foil",0.6,0.96,0.24,0.7138,0.6
2,"var_roc_mean_mag + var_roc_mean_pha","Logistic Regression","No Foil","No Foil",0.72,0.68,0.76,0.8056,0.72
2,"var_roc_mean_mag + var_roc_mean_pha","Logistic Regression","No Foil","Open",0.58,0.16,1,0.5714,0.58
2,"var_roc_mean_mag + var_roc_mean_pha","Logistic Regression","Open","Foil",0.58,1,0.16,0.7095,0.58
2,"var_roc_mean_mag + var_roc_mean_pha","Logistic Regression","Open","No Foil",0.78,1,0.56,0.8485,0.78
2,"var_roc_mean_mag + var_roc_mean_pha","Logistic Regression","Open","Open",1,1,1,1,1
2,"var_roc_mean_mag + var_roc_mean_pha","Random Forest","Foil","Foil",0.74,0.76,0.72,0.7189,0.74
2,"var_roc_mean_mag + var_roc_mean_pha","Random Forest","Foil","No Foil",0.52,0.12,0.92,0.4524,0.52
2,"var_roc_mean_mag + var_roc_mean_pha","Random Forest","Foil","Open",0.5,0,1,NA,0.5
2,"var_roc_mean_mag + var_roc_mean_pha","Random Forest","No Foil","Foil",0.64,0.96,0.32,0.7326,0.64
2,"var_roc_mean_mag + var_roc_mean_pha","Random Forest","No Foil","No Foil",0.64,0.6,0.68,0.7042,0.64
2,"var_roc_mean_mag + var_roc_mean_pha","Random Forest","No Foil","Open",0.82,0.64,1,0.8819,0.82
2,"var_roc_mean_mag + var_roc_mean_pha","Random Forest","Open","Foil",0.58,1,0.16,0.7062,0.58
2,"var_roc_mean_mag + var_roc_mean_pha","Random Forest","Open","No Foil",0.78,1,0.56,0.8485,0.78
2,"var_roc_mean_mag + var_roc_mean_pha","Random Forest","Open","Open",1,1,1,1,1
2,"var_roc_mean_mag + var_roc_mean_pha","SVM","Foil","Foil",0.8,0.76,0.84,0.7651,0.8
2,"var_roc_mean_mag + var_roc_mean_pha","SVM","Foil","No Foil",0.52,0.04,1,0.3333,0.52
2,"var_roc_mean_mag + var_roc_mean_pha","SVM","Foil","Open",0.5,0,1,NA,0.5
2,"var_roc_mean_mag + var_roc_mean_pha","SVM","No Foil","Foil",0.66,0.96,0.36,0.754,0.66
2,"var_roc_mean_mag + var_roc_mean_pha","SVM","No Foil","No Foil",0.72,0.68,0.76,0.8056,0.72
2,"var_roc_mean_mag + var_roc_mean_pha","SVM","No Foil","Open",0.54,0.08,1,0.5714,0.54
2,"var_roc_mean_mag + var_roc_mean_pha","SVM","Open","Foil",0.52,1,0.04,0.6762,0.52
2,"var_roc_mean_mag + var_roc_mean_pha","SVM","Open","No Foil",0.76,1,0.52,0.8303,0.76
2,"var_roc_mean_mag + var_roc_mean_pha","SVM","Open","Open",1,1,1,1,1
2,"var_roc_mean_mag + var_roc_std_mag","Decision Tree","Foil","Foil",0.98,0.96,1,0.9778,0.98
2,"var_roc_mean_mag + var_roc_std_mag","Decision Tree","Foil","No Foil",0.56,0.12,1,0.4524,0.56
2,"var_roc_mean_mag + var_roc_std_mag","Decision Tree","Foil","Open",0.5,0,1,NA,0.5
2,"var_roc_mean_mag + var_roc_std_mag","Decision Tree","No Foil","Foil",0.6,0.96,0.24,0.7206,0.6
2,"var_roc_mean_mag + var_roc_std_mag","Decision Tree","No Foil","No Foil",0.6,0.68,0.52,0.6804,0.6
2,"var_roc_mean_mag + var_roc_std_mag","Decision Tree","No Foil","Open",0.8,0.6,1,1,0.8
2,"var_roc_mean_mag + var_roc_std_mag","Decision Tree","Open","Foil",0.52,1,0.04,0.6762,0.52
2,"var_roc_mean_mag + var_roc_std_mag","Decision Tree","Open","No Foil",0.78,1,0.56,0.8429,0.78
2,"var_roc_mean_mag + var_roc_std_mag","Decision Tree","Open","Open",0.98,0.96,1,0.9778,0.98
2,"var_roc_mean_mag + var_roc_std_mag","Logistic Regression","Foil","Foil",0.94,0.92,0.96,0.9318,0.94
2,"var_roc_mean_mag + var_roc_std_mag","Logistic Regression","Foil","No Foil",0.56,0.12,1,0.4524,0.56
2,"var_roc_mean_mag + var_roc_std_mag","Logistic Regression","Foil","Open",0.5,0,1,NA,0.5
2,"var_roc_mean_mag + var_roc_std_mag","Logistic Regression","No Foil","Foil",0.66,1,0.32,0.7562,0.66
2,"var_roc_mean_mag + var_roc_std_mag","Logistic Regression","No Foil","No Foil",0.74,0.68,0.8,0.8264,0.74
2,"var_roc_mean_mag + var_roc_std_mag","Logistic Regression","No Foil","Open",0.66,0.32,1,0.875,0.66
2,"var_roc_mean_mag + var_roc_std_mag","Logistic Regression","Open","Foil",0.56,1,0.12,0.6967,0.56
2,"var_roc_mean_mag + var_roc_std_mag","Logistic Regression","Open","No Foil",0.82,1,0.64,0.8667,0.82
2,"var_roc_mean_mag + var_roc_std_mag","Logistic Regression","Open","Open",1,1,1,1,1
2,"var_roc_mean_mag + var_roc_std_mag","Random Forest","Foil","Foil",0.96,0.96,0.96,0.9596,0.96
2,"var_roc_mean_mag + var_roc_std_mag","Random Forest","Foil","No Foil",0.58,0.16,1,0.5417,0.58
2,"var_roc_mean_mag + var_roc_std_mag","Random Forest","Foil","Open",0.5,0,1,NA,0.5
2,"var_roc_mean_mag + var_roc_std_mag","Random Forest","No Foil","Foil",0.74,1,0.48,0.8152,0.74
2,"var_roc_mean_mag + var_roc_std_mag","Random Forest","No Foil","No Foil",0.76,0.8,0.72,0.7709,0.76
2,"var_roc_mean_mag + var_roc_std_mag","Random Forest","No Foil","Open",0.7,0.4,1,0.6042,0.7
2,"var_roc_mean_mag + var_roc_std_mag","Random Forest","Open","Foil",0.52,1,0.04,0.6762,0.52
2,"var_roc_mean_mag + var_roc_std_mag","Random Forest","Open","No Foil",0.76,1,0.52,0.83,0.76
2,"var_roc_mean_mag + var_roc_std_mag","Random Forest","Open","Open",0.98,0.96,1,0.9778,0.98
2,"var_roc_mean_mag + var_roc_std_mag","SVM","Foil","Foil",0.9,0.88,0.92,0.8944,0.9
2,"var_roc_mean_mag + var_roc_std_mag","SVM","Foil","No Foil",0.54,0.08,1,0.5714,0.54
2,"var_roc_mean_mag + var_roc_std_mag","SVM","Foil","Open",0.5,0,1,NA,0.5
2,"var_roc_mean_mag + var_roc_std_mag","SVM","No Foil","Foil",0.66,0.96,0.36,0.7472,0.66
2,"var_roc_mean_mag + var_roc_std_mag","SVM","No Foil","No Foil",0.7,0.6,0.8,0.747,0.7
2,"var_roc_mean_mag + var_roc_std_mag","SVM","No Foil","Open",0.54,0.08,1,0.5714,0.54
2,"var_roc_mean_mag + var_roc_std_mag","SVM","Open","Foil",0.54,1,0.08,0.6872,0.54
2,"var_roc_mean_mag + var_roc_std_mag","SVM","Open","No Foil",0.76,1,0.52,0.83,0.76
2,"var_roc_mean_mag + var_roc_std_mag","SVM","Open","Open",0.98,0.96,1,0.9778,0.98
2,"var_roc_mean_mag + var_roc_pha_coh","Decision Tree","Foil","Foil",0.64,0.68,0.6,0.6,0.64
2,"var_roc_mean_mag + var_roc_pha_coh","Decision Tree","Foil","No Foil",0.64,0.28,1,0.7857,0.64
2,"var_roc_mean_mag + var_roc_pha_coh","Decision Tree","Foil","Open",0.5,0,1,NA,0.5
2,"var_roc_mean_mag + var_roc_pha_coh","Decision Tree","No Foil","Foil",0.6,0.96,0.24,0.7206,0.6
2,"var_roc_mean_mag + var_roc_pha_coh","Decision Tree","No Foil","No Foil",0.54,0.48,0.6,0.6349,0.54
2,"var_roc_mean_mag + var_roc_pha_coh","Decision Tree","No Foil","Open",0.7,0.4,1,1,0.7
2,"var_roc_mean_mag + var_roc_pha_coh","Decision Tree","Open","Foil",0.52,1,0.04,0.6762,0.52
2,"var_roc_mean_mag + var_roc_pha_coh","Decision Tree","Open","No Foil",0.78,1,0.56,0.8429,0.78
2,"var_roc_mean_mag + var_roc_pha_coh","Decision Tree","Open","Open",0.98,0.96,1,0.9778,0.98
2,"var_roc_mean_mag + var_roc_pha_coh","Logistic Regression","Foil","Foil",0.74,0.72,0.76,0.7096,0.74
2,"var_roc_mean_mag + var_roc_pha_coh","Logistic Regression","Foil","No Foil",0.58,0.16,1,0.5714,0.58
2,"var_roc_mean_mag + var_roc_pha_coh","Logistic Regression","Foil","Open",0.5,0,1,NA,0.5
2,"var_roc_mean_mag + var_roc_pha_coh","Logistic Regression","No Foil","Foil",0.66,0.96,0.36,0.754,0.66
2,"var_roc_mean_mag + var_roc_pha_coh","Logistic Regression","No Foil","No Foil",0.66,0.52,0.8,0.8056,0.66
2,"var_roc_mean_mag + var_roc_pha_coh","Logistic Regression","No Foil","Open",0.58,0.16,1,0.5417,0.58
2,"var_roc_mean_mag + var_roc_pha_coh","Logistic Regression","Open","Foil",0.54,0.96,0.12,0.681,0.54
2,"var_roc_mean_mag + var_roc_pha_coh","Logistic Regression","Open","No Foil",0.68,0.84,0.52,0.7,0.68
2,"var_roc_mean_mag + var_roc_pha_coh","Logistic Regression","Open","Open",0.98,0.96,1,0.9778,0.98
2,"var_roc_mean_mag + var_roc_pha_coh","Random Forest","Foil","Foil",0.7,0.68,0.72,0.6333,0.7
2,"var_roc_mean_mag + var_roc_pha_coh","Random Forest","Foil","No Foil",0.64,0.28,1,0.5556,0.64
2,"var_roc_mean_mag + var_roc_pha_coh","Random Forest","Foil","Open",0.5,0,1,NA,0.5
2,"var_roc_mean_mag + var_roc_pha_coh","Random Forest","No Foil","Foil",0.6,1,0.2,0.7172,0.6
2,"var_roc_mean_mag + var_roc_pha_coh","Random Forest","No Foil","No Foil",0.66,0.56,0.76,0.8519,0.66
2,"var_roc_mean_mag + var_roc_pha_coh","Random Forest","No Foil","Open",0.8,0.6,1,0.7206,0.8
2,"var_roc_mean_mag + var_roc_pha_coh","Random Forest","Open","Foil",0.52,1,0.04,0.6762,0.52
2,"var_roc_mean_mag + var_roc_pha_coh","Random Forest","Open","No Foil",0.78,1,0.56,0.8429,0.78
2,"var_roc_mean_mag + var_roc_pha_coh","Random Forest","Open","Open",0.98,0.96,1,0.9778,0.98
2,"var_roc_mean_mag + var_roc_pha_coh","SVM","Foil","Foil",0.78,0.72,0.84,0.7373,0.78
2,"var_roc_mean_mag + var_roc_pha_coh","SVM","Foil","No Foil",0.52,0.04,1,0.3333,0.52
2,"var_roc_mean_mag + var_roc_pha_coh","SVM","Foil","Open",0.5,0,1,NA,0.5
2,"var_roc_mean_mag + var_roc_pha_coh","SVM","No Foil","Foil",0.68,0.96,0.4,0.765,0.68
2,"var_roc_mean_mag + var_roc_pha_coh","SVM","No Foil","No Foil",0.76,0.68,0.84,0.8383,0.76
2,"var_roc_mean_mag + var_roc_pha_coh","SVM","No Foil","Open",0.5,0,1,NA,0.5
2,"var_roc_mean_mag + var_roc_pha_coh","SVM","Open","Foil",0.54,1,0.08,0.6872,0.54
2,"var_roc_mean_mag + var_roc_pha_coh","SVM","Open","No Foil",0.74,1,0.48,0.8152,0.74
2,"var_roc_mean_mag + var_roc_pha_coh","SVM","Open","Open",0.98,0.96,1,0.9778,0.98
2,"var_roc_mean_pha + var_roc_std_mag","Decision Tree","Foil","Foil",0.98,0.96,1,0.9778,0.98
2,"var_roc_mean_pha + var_roc_std_mag","Decision Tree","Foil","No Foil",0.56,0.12,1,0.4524,0.56
2,"var_roc_mean_pha + var_roc_std_mag","Decision Tree","Foil","Open",0.5,0,1,NA,0.5
2,"var_roc_mean_pha + var_roc_std_mag","Decision Tree","No Foil","Foil",0.64,0.96,0.32,0.7411,0.64
2,"var_roc_mean_pha + var_roc_std_mag","Decision Tree","No Foil","No Foil",0.54,0.6,0.48,0.7009,0.54
2,"var_roc_mean_pha + var_roc_std_mag","Decision Tree","No Foil","Open",0.8,0.6,1,1,0.8
2,"var_roc_mean_pha + var_roc_std_mag","Decision Tree","Open","Foil",0.58,1,0.16,0.7062,0.58
2,"var_roc_mean_pha + var_roc_std_mag","Decision Tree","Open","No Foil",0.78,1,0.56,0.8485,0.78
2,"var_roc_mean_pha + var_roc_std_mag","Decision Tree","Open","Open",1,1,1,1,1
2,"var_roc_mean_pha + var_roc_std_mag","Logistic Regression","Foil","Foil",0.94,0.92,0.96,0.9318,0.94
2,"var_roc_mean_pha + var_roc_std_mag","Logistic Regression","Foil","No Foil",0.54,0.08,1,0.5714,0.54
2,"var_roc_mean_pha + var_roc_std_mag","Logistic Regression","Foil","Open",0.5,0,1,NA,0.5
2,"var_roc_mean_pha + var_roc_std_mag","Logistic Regression","No Foil","Foil",0.62,0.96,0.28,0.7316,0.62
2,"var_roc_mean_pha + var_roc_std_mag","Logistic Regression","No Foil","No Foil",0.64,0.6,0.68,0.6957,0.64
2,"var_roc_mean_pha + var_roc_std_mag","Logistic Regression","No Foil","Open",0.5,0,1,NA,0.5
2,"var_roc_mean_pha + var_roc_std_mag","Logistic Regression","Open","Foil",0.56,1,0.12,0.6967,0.56
2,"var_roc_mean_pha + var_roc_std_mag","Logistic Regression","Open","No Foil",0.74,0.96,0.52,0.8081,0.74
2,"var_roc_mean_pha + var_roc_std_mag","Logistic Regression","Open","Open",1,1,1,1,1
2,"var_roc_mean_pha + var_roc_std_mag","Random Forest","Foil","Foil",0.98,0.96,1,0.9778,0.98
2,"var_roc_mean_pha + var_roc_std_mag","Random Forest","Foil","No Foil",0.56,0.12,1,0.4524,0.56
2,"var_roc_mean_pha + var_roc_std_mag","Random Forest","Foil","Open",0.5,0,1,NA,0.5
2,"var_roc_mean_pha + var_roc_std_mag","Random Forest","No Foil","Foil",0.7,1,0.4,0.7841,0.7
2,"var_roc_mean_pha + var_roc_std_mag","Random Forest","No Foil","No Foil",0.44,0.48,0.4,0.627,0.44
2,"var_roc_mean_pha + var_roc_std_mag","Random Forest","No Foil","Open",0.92,0.84,1,0.8667,0.92
2,"var_roc_mean_pha + var_roc_std_mag","Random Forest","Open","Foil",0.52,1,0.04,0.6762,0.52
2,"var_roc_mean_pha + var_roc_std_mag","Random Forest","Open","No Foil",0.78,1,0.56,0.8398,0.78
2,"var_roc_mean_pha + var_roc_std_mag","Random Forest","Open","Open",1,1,1,1,1
2,"var_roc_mean_pha + var_roc_std_mag","SVM","Foil","Foil",0.96,0.96,0.96,0.9596,0.96
2,"var_roc_mean_pha + var_roc_std_mag","SVM","Foil","No Foil",0.56,0.12,1,0.4524,0.56
2,"var_roc_mean_pha + var_roc_std_mag","SVM","Foil","Open",0.5,0,1,NA,0.5
2,"var_roc_mean_pha + var_roc_std_mag","SVM","No Foil","Foil",0.62,0.96,0.28,0.7316,0.62
2,"var_roc_mean_pha + var_roc_std_mag","SVM","No Foil","No Foil",0.64,0.56,0.72,0.6806,0.64
2,"var_roc_mean_pha + var_roc_std_mag","SVM","No Foil","Open",0.5,0,1,NA,0.5
2,"var_roc_mean_pha + var_roc_std_mag","SVM","Open","Foil",0.52,1,0.04,0.6762,0.52
2,"var_roc_mean_pha + var_roc_std_mag","SVM","Open","No Foil",0.72,0.96,0.48,0.7929,0.72
2,"var_roc_mean_pha + var_roc_std_mag","SVM","Open","Open",1,1,1,1,1
2,"var_roc_mean_pha + var_roc_pha_coh","Decision Tree","Foil","Foil",0.72,0.64,0.8,0.75,0.72
2,"var_roc_mean_pha + var_roc_pha_coh","Decision Tree","Foil","No Foil",0.64,0.28,1,0.7857,0.64
2,"var_roc_mean_pha + var_roc_pha_coh","Decision Tree","Foil","Open",0.5,0,1,NA,0.5
2,"var_roc_mean_pha + var_roc_pha_coh","Decision Tree","No Foil","Foil",0.64,1,0.28,0.7396,0.64
2,"var_roc_mean_pha + var_roc_pha_coh","Decision Tree","No Foil","No Foil",0.56,0.56,0.56,0.7111,0.56
2,"var_roc_mean_pha + var_roc_pha_coh","Decision Tree","No Foil","Open",0.8,0.6,1,1,0.8
2,"var_roc_mean_pha + var_roc_pha_coh","Decision Tree","Open","Foil",0.58,1,0.16,0.7062,0.58
2,"var_roc_mean_pha + var_roc_pha_coh","Decision Tree","Open","No Foil",0.78,1,0.56,0.8485,0.78
2,"var_roc_mean_pha + var_roc_pha_coh","Decision Tree","Open","Open",1,1,1,1,1
2,"var_roc_mean_pha + var_roc_pha_coh","Logistic Regression","Foil","Foil",0.64,0.48,0.8,0.5833,0.64
2,"var_roc_mean_pha + var_roc_pha_coh","Logistic Regression","Foil","No Foil",0.54,0.08,1,0.5714,0.54
2,"var_roc_mean_pha + var_roc_pha_coh","Logistic Regression","Foil","Open",0.5,0,1,NA,0.5
2,"var_roc_mean_pha + var_roc_pha_coh","Logistic Regression","No Foil","Foil",0.86,0.96,0.76,0.8929,0.86
2,"var_roc_mean_pha + var_roc_pha_coh","Logistic Regression","No Foil","No Foil",0.62,0.56,0.68,0.7749,0.62
2,"var_roc_mean_pha + var_roc_pha_coh","Logistic Regression","No Foil","Open",0.56,0.12,1,0.75,0.56
2,"var_roc_mean_pha + var_roc_pha_coh","Logistic Regression","Open","Foil",0.58,1,0.16,0.7095,0.58
2,"var_roc_mean_pha + var_roc_pha_coh","Logistic Regression","Open","No Foil",0.76,1,0.52,0.8303,0.76
2,"var_roc_mean_pha + var_roc_pha_coh","Logistic Regression","Open","Open",1,1,1,1,1
2,"var_roc_mean_pha + var_roc_pha_coh","Random Forest","Foil","Foil",0.72,0.64,0.8,0.75,0.72
2,"var_roc_mean_pha + var_roc_pha_coh","Random Forest","Foil","No Foil",0.64,0.28,1,0.7857,0.64
2,"var_roc_mean_pha + var_roc_pha_coh","Random Forest","Foil","Open",0.5,0,1,NA,0.5
2,"var_roc_mean_pha + var_roc_pha_coh","Random Forest","No Foil","Foil",0.6,1,0.2,0.7158,0.6
2,"var_roc_mean_pha + var_roc_pha_coh","Random Forest","No Foil","No Foil",0.52,0.52,0.52,0.7009,0.52
2,"var_roc_mean_pha + var_roc_pha_coh","Random Forest","No Foil","Open",0.82,0.64,1,0.8651,0.82
2,"var_roc_mean_pha + var_roc_pha_coh","Random Forest","Open","Foil",0.56,1,0.12,0.6967,0.56
2,"var_roc_mean_pha + var_roc_pha_coh","Random Forest","Open","No Foil",0.78,1,0.56,0.8485,0.78
2,"var_roc_mean_pha + var_roc_pha_coh","Random Forest","Open","Open",1,1,1,1,1
2,"var_roc_mean_pha + var_roc_pha_coh","SVM","Foil","Foil",0.66,0.72,0.6,0.6476,0.66
2,"var_roc_mean_pha + var_roc_pha_coh","SVM","Foil","No Foil",0.52,0.44,0.6,0.5556,0.52
2,"var_roc_mean_pha + var_roc_pha_coh","SVM","Foil","Open",0.5,0.4,0.6,0.6667,0.5
2,"var_roc_mean_pha + var_roc_pha_coh","SVM","No Foil","Foil",0.88,0.96,0.8,0.9111,0.88
2,"var_roc_mean_pha + var_roc_pha_coh","SVM","No Foil","No Foil",0.68,0.52,0.84,0.803,0.68
2,"var_roc_mean_pha + var_roc_pha_coh","SVM","No Foil","Open",0.5,0,1,NA,0.5
2,"var_roc_mean_pha + var_roc_pha_coh","SVM","Open","Foil",0.56,1,0.12,0.6967,0.56
2,"var_roc_mean_pha + var_roc_pha_coh","SVM","Open","No Foil",0.76,0.96,0.56,0.8263,0.76
2,"var_roc_mean_pha + var_roc_pha_coh","SVM","Open","Open",1,1,1,1,1
2,"var_roc_std_mag + var_roc_pha_coh","Decision Tree","Foil","Foil",0.98,0.96,1,0.9778,0.98
2,"var_roc_std_mag + var_roc_pha_coh","Decision Tree","Foil","No Foil",0.56,0.12,1,0.4524,0.56
2,"var_roc_std_mag + var_roc_pha_coh","Decision Tree","Foil","Open",0.5,0,1,NA,0.5
2,"var_roc_std_mag + var_roc_pha_coh","Decision Tree","No Foil","Foil",0.58,0.96,0.2,0.7111,0.58
2,"var_roc_std_mag + var_roc_pha_coh","Decision Tree","No Foil","No Foil",0.5,0.4,0.6,0.6667,0.5
2,"var_roc_std_mag + var_roc_pha_coh","Decision Tree","No Foil","Open",0.7,0.4,1,1,0.7
2,"var_roc_std_mag + var_roc_pha_coh","Decision Tree","Open","Foil",0.52,1,0.04,0.6762,0.52
2,"var_roc_std_mag + var_roc_pha_coh","Decision Tree","Open","No Foil",0.74,1,0.48,0.8119,0.74
2,"var_roc_std_mag + var_roc_pha_coh","Decision Tree","Open","Open",0.98,0.96,1,0.9778,0.98
2,"var_roc_std_mag + var_roc_pha_coh","Logistic Regression","Foil","Foil",0.88,0.96,0.8,0.9111,0.88
2,"var_roc_std_mag + var_roc_pha_coh","Logistic Regression","Foil","No Foil",0.6,0.2,1,0.6607,0.6
2,"var_roc_std_mag + var_roc_pha_coh","Logistic Regression","Foil","Open",0.5,0,1,NA,0.5
2,"var_roc_std_mag + var_roc_pha_coh","Logistic Regression","No Foil","Foil",0.7,0.96,0.44,0.7745,0.7
2,"var_roc_std_mag + var_roc_pha_coh","Logistic Regression","No Foil","No Foil",0.62,0.52,0.72,0.75,0.62
2,"var_roc_std_mag + var_roc_pha_coh","Logistic Regression","No Foil","Open",0.56,0.12,1,0.75,0.56
2,"var_roc_std_mag + var_roc_pha_coh","Logistic Regression","Open","Foil",0.76,1,0.52,0.8175,0.76
2,"var_roc_std_mag + var_roc_pha_coh","Logistic Regression","Open","No Foil",0.72,1,0.44,0.8,0.72
2,"var_roc_std_mag + var_roc_pha_coh","Logistic Regression","Open","Open",0.98,0.96,1,0.9778,0.98
2,"var_roc_std_mag + var_roc_pha_coh","Random Forest","Foil","Foil",0.84,0.88,0.8,0.8476,0.84
2,"var_roc_std_mag + var_roc_pha_coh","Random Forest","Foil","No Foil",0.6,0.2,1,0.6607,0.6
2,"var_roc_std_mag + var_roc_pha_coh","Random Forest","Foil","Open",0.56,0.12,1,0.4524,0.56
2,"var_roc_std_mag + var_roc_pha_coh","Random Forest","No Foil","Foil",0.66,1,0.32,0.758,0.66
2,"var_roc_std_mag + var_roc_pha_coh","Random Forest","No Foil","No Foil",0.58,0.56,0.6,0.7667,0.58
2,"var_roc_std_mag + var_roc_pha_coh","Random Forest","No Foil","Open",0.88,0.76,1,0.8421,0.88
2,"var_roc_std_mag + var_roc_pha_coh","Random Forest","Open","Foil",0.54,1,0.08,0.6872,0.54
2,"var_roc_std_mag + var_roc_pha_coh","Random Forest","Open","No Foil",0.8,1,0.6,0.858,0.8
2,"var_roc_std_mag + var_roc_pha_coh","Random Forest","Open","Open",0.98,0.96,1,0.9778,0.98
2,"var_roc_std_mag + var_roc_pha_coh","SVM","Foil","Foil",0.94,0.92,0.96,0.9318,0.94
2,"var_roc_std_mag + var_roc_pha_coh","SVM","Foil","No Foil",0.56,0.12,1,0.4524,0.56
2,"var_roc_std_mag + var_roc_pha_coh","SVM","Foil","Open",0.5,0,1,NA,0.5
2,"var_roc_std_mag + var_roc_pha_coh","SVM","No Foil","Foil",0.72,0.96,0.48,0.7873,0.72
2,"var_roc_std_mag + var_roc_pha_coh","SVM","No Foil","No Foil",0.72,0.6,0.84,0.7589,0.72
2,"var_roc_std_mag + var_roc_pha_coh","SVM","No Foil","Open",0.5,0,1,NA,0.5
2,"var_roc_std_mag + var_roc_pha_coh","SVM","Open","Foil",0.54,1,0.08,0.6872,0.54
2,"var_roc_std_mag + var_roc_pha_coh","SVM","Open","No Foil",0.68,0.88,0.48,0.7294,0.68
2,"var_roc_std_mag + var_roc_pha_coh","SVM","Open","Open",0.98,0.96,1,0.9778,0.98
3,"var_roc_mean_mag + var_roc_mean_pha + var_roc_std_mag","Decision Tree","Foil","Foil",0.98,0.96,1,0.9778,0.98
3,"var_roc_mean_mag + var_roc_mean_pha + var_roc_std_mag","Decision Tree","Foil","No Foil",0.56,0.12,1,0.4524,0.56
3,"var_roc_mean_mag + var_roc_mean_pha + var_roc_std_mag","Decision Tree","Foil","Open",0.5,0,1,NA,0.5
3,"var_roc_mean_mag + var_roc_mean_pha + var_roc_std_mag","Decision Tree","No Foil","Foil",0.62,0.96,0.28,0.7302,0.62
3,"var_roc_mean_mag + var_roc_mean_pha + var_roc_std_mag","Decision Tree","No Foil","No Foil",0.58,0.68,0.48,0.6685,0.58
3,"var_roc_mean_mag + var_roc_mean_pha + var_roc_std_mag","Decision Tree","No Foil","Open",0.8,0.6,1,1,0.8
3,"var_roc_mean_mag + var_roc_mean_pha + var_roc_std_mag","Decision Tree","Open","Foil",0.52,1,0.04,0.6762,0.52
3,"var_roc_mean_mag + var_roc_mean_pha + var_roc_std_mag","Decision Tree","Open","No Foil",0.78,1,0.56,0.8429,0.78
3,"var_roc_mean_mag + var_roc_mean_pha + var_roc_std_mag","Decision Tree","Open","Open",0.98,0.96,1,0.9778,0.98
3,"var_roc_mean_mag + var_roc_mean_pha + var_roc_std_mag","Logistic Regression","Foil","Foil",0.8,0.88,0.72,0.8143,0.8
3,"var_roc_mean_mag + var_roc_mean_pha + var_roc_std_mag","Logistic Regression","Foil","No Foil",0.54,0.08,1,0.5714,0.54
3,"var_roc_mean_mag + var_roc_mean_pha + var_roc_std_mag","Logistic Regression","Foil","Open",0.5,0,1,NA,0.5
3,"var_roc_mean_mag + var_roc_mean_pha + var_roc_std_mag","Logistic Regression","No Foil","Foil",0.68,1,0.36,0.769,0.68
3,"var_roc_mean_mag + var_roc_mean_pha + var_roc_std_mag","Logistic Regression","No Foil","No Foil",0.72,0.68,0.76,0.8042,0.72
3,"var_roc_mean_mag + var_roc_mean_pha + var_roc_std_mag","Logistic Regression","No Foil","Open",0.66,0.32,1,0.875,0.66
3,"var_roc_mean_mag + var_roc_mean_pha + var_roc_std_mag","Logistic Regression","Open","Foil",0.52,1,0.04,0.6762,0.52
3,"var_roc_mean_mag + var_roc_mean_pha + var_roc_std_mag","Logistic Regression","Open","No Foil",0.74,0.96,0.52,0.8081,0.74
3,"var_roc_mean_mag + var_roc_mean_pha + var_roc_std_mag","Logistic Regression","Open","Open",1,1,1,1,1
3,"var_roc_mean_mag + var_roc_mean_pha + var_roc_std_mag","Random Forest","Foil","Foil",0.98,0.96,1,0.9778,0.98
3,"var_roc_mean_mag + var_roc_mean_pha + var_roc_std_mag","Random Forest","Foil","No Foil",0.56,0.12,1,0.4524,0.56
3,"var_roc_mean_mag + var_roc_mean_pha + var_roc_std_mag","Random Forest","Foil","Open",0.5,0,1,NA,0.5
3,"var_roc_mean_mag + var_roc_mean_pha + var_roc_std_mag","Random Forest","No Foil","Foil",0.62,0.96,0.28,0.7302,0.62
3,"var_roc_mean_mag + var_roc_mean_pha + var_roc_std_mag","Random Forest","No Foil","No Foil",0.62,0.68,0.56,0.7222,0.62
3,"var_roc_mean_mag + var_roc_mean_pha + var_roc_std_mag","Random Forest","No Foil","Open",0.76,0.52,1,0.7431,0.76
3,"var_roc_mean_mag + var_roc_mean_pha + var_roc_std_mag","Random Forest","Open","Foil",0.52,1,0.04,0.6762,0.52
3,"var_roc_mean_mag + var_roc_mean_pha + var_roc_std_mag","Random Forest","Open","No Foil",0.76,1,0.52,0.8247,0.76
3,"var_roc_mean_mag + var_roc_mean_pha + var_roc_std_mag","Random Forest","Open","Open",0.98,0.96,1,0.9778,0.98
3,"var_roc_mean_mag + var_roc_mean_pha + var_roc_std_mag","SVM","Foil","Foil",0.92,0.88,0.96,0.9096,0.92
3,"var_roc_mean_mag + var_roc_mean_pha + var_roc_std_mag","SVM","Foil","No Foil",0.54,0.08,1,0.5714,0.54
3,"var_roc_mean_mag + var_roc_mean_pha + var_roc_std_mag","SVM","Foil","Open",0.5,0,1,NA,0.5
3,"var_roc_mean_mag + var_roc_mean_pha + var_roc_std_mag","SVM","No Foil","Foil",0.68,0.96,0.4,0.765,0.68
3,"var_roc_mean_mag + var_roc_mean_pha + var_roc_std_mag","SVM","No Foil","No Foil",0.74,0.64,0.84,0.7965,0.74
3,"var_roc_mean_mag + var_roc_mean_pha + var_roc_std_mag","SVM","No Foil","Open",0.5,0,1,NA,0.5
3,"var_roc_mean_mag + var_roc_mean_pha + var_roc_std_mag","SVM","Open","Foil",0.52,1,0.04,0.6762,0.52
3,"var_roc_mean_mag + var_roc_mean_pha + var_roc_std_mag","SVM","Open","No Foil",0.72,0.96,0.48,0.7929,0.72
3,"var_roc_mean_mag + var_roc_mean_pha + var_roc_std_mag","SVM","Open","Open",1,1,1,1,1
3,"var_roc_mean_mag + var_roc_mean_pha + var_roc_pha_coh","Decision Tree","Foil","Foil",0.64,0.68,0.6,0.6,0.64
3,"var_roc_mean_mag + var_roc_mean_pha + var_roc_pha_coh","Decision Tree","Foil","No Foil",0.64,0.28,1,0.7857,0.64
3,"var_roc_mean_mag + var_roc_mean_pha + var_roc_pha_coh","Decision Tree","Foil","Open",0.5,0,1,NA,0.5
3,"var_roc_mean_mag + var_roc_mean_pha + var_roc_pha_coh","Decision Tree","No Foil","Foil",0.62,0.96,0.28,0.7302,0.62
3,"var_roc_mean_mag + var_roc_mean_pha + var_roc_pha_coh","Decision Tree","No Foil","No Foil",0.54,0.48,0.6,0.6349,0.54
3,"var_roc_mean_mag + var_roc_mean_pha + var_roc_pha_coh","Decision Tree","No Foil","Open",0.7,0.4,1,1,0.7
3,"var_roc_mean_mag + var_roc_mean_pha + var_roc_pha_coh","Decision Tree","Open","Foil",0.52,1,0.04,0.6762,0.52
3,"var_roc_mean_mag + var_roc_mean_pha + var_roc_pha_coh","Decision Tree","Open","No Foil",0.78,1,0.56,0.8429,0.78
3,"var_roc_mean_mag + var_roc_mean_pha + var_roc_pha_coh","Decision Tree","Open","Open",0.98,0.96,1,0.9778,0.98
3,"var_roc_mean_mag + var_roc_mean_pha + var_roc_pha_coh","Logistic Regression","Foil","Foil",0.72,0.72,0.72,0.7143,0.72
3,"var_roc_mean_mag + var_roc_mean_pha + var_roc_pha_coh","Logistic Regression","Foil","No Foil",0.52,0.04,1,0.3333,0.52
3,"var_roc_mean_mag + var_roc_mean_pha + var_roc_pha_coh","Logistic Regression","Foil","Open",0.5,0,1,NA,0.5
3,"var_roc_mean_mag + var_roc_mean_pha + var_roc_pha_coh","Logistic Regression","No Foil","Foil",0.72,0.96,0.48,0.7896,0.72
3,"var_roc_mean_mag + var_roc_mean_pha + var_roc_pha_coh","Logistic Regression","No Foil","No Foil",0.64,0.48,0.8,0.746,0.64
3,"var_roc_mean_mag + var_roc_mean_pha + var_roc_pha_coh","Logistic Regression","No Foil","Open",0.58,0.16,1,0.5417,0.58
3,"var_roc_mean_mag + var_roc_mean_pha + var_roc_pha_coh","Logistic Regression","Open","Foil",0.56,1,0.12,0.6967,0.56
3,"var_roc_mean_mag + var_roc_mean_pha + var_roc_pha_coh","Logistic Regression","Open","No Foil",0.72,1,0.44,0.8023,0.72
3,"var_roc_mean_mag + var_roc_mean_pha + var_roc_pha_coh","Logistic Regression","Open","Open",1,1,1,1,1
3,"var_roc_mean_mag + var_roc_mean_pha + var_roc_pha_coh","Random Forest","Foil","Foil",0.76,0.72,0.8,0.7143,0.76
3,"var_roc_mean_mag + var_roc_mean_pha + var_roc_pha_coh","Random Forest","Foil","No Foil",0.62,0.24,1,0.6667,0.62
3,"var_roc_mean_mag + var_roc_mean_pha + var_roc_pha_coh","Random Forest","Foil","Open",0.5,0,1,NA,0.5
3,"var_roc_mean_mag + var_roc_mean_pha + var_roc_pha_coh","Random Forest","No Foil","Foil",0.58,0.96,0.2,0.6967,0.58
3,"var_roc_mean_mag + var_roc_mean_pha + var_roc_pha_coh","Random Forest","No Foil","No Foil",0.62,0.52,0.72,0.7753,0.62
3,"var_roc_mean_mag + var_roc_mean_pha + var_roc_pha_coh","Random Forest","No Foil","Open",0.8,0.6,1,0.8373,0.8
3,"var_roc_mean_mag + var_roc_mean_pha + var_roc_pha_coh","Random Forest","Open","Foil",0.52,1,0.04,0.6762,0.52
3,"var_roc_mean_mag + var_roc_mean_pha + var_roc_pha_coh","Random Forest","Open","No Foil",0.78,1,0.56,0.8485,0.78
3,"var_roc_mean_mag + var_roc_mean_pha + var_roc_pha_coh","Random Forest","Open","Open",1,1,1,1,1
3,"var_roc_mean_mag + var_roc_mean_pha + var_roc_pha_coh","SVM","Foil","Foil",0.82,0.76,0.88,0.7761,0.82
3,"var_roc_mean_mag + var_roc_mean_pha + var_roc_pha_coh","SVM","Foil","No Foil",0.52,0.04,1,0.3333,0.52
3,"var_roc_mean_mag + var_roc_mean_pha + var_roc_pha_coh","SVM","Foil","Open",0.5,0,1,NA,0.5
3,"var_roc_mean_mag + var_roc_mean_pha + var_roc_pha_coh","SVM","No Foil","Foil",0.68,0.96,0.4,0.765,0.68
3,"var_roc_mean_mag + var_roc_mean_pha + var_roc_pha_coh","SVM","No Foil","No Foil",0.76,0.68,0.84,0.8312,0.76
3,"var_roc_mean_mag + var_roc_mean_pha + var_roc_pha_coh","SVM","No Foil","Open",0.5,0,1,NA,0.5
3,"var_roc_mean_mag + var_roc_mean_pha + var_roc_pha_coh","SVM","Open","Foil",0.52,1,0.04,0.6762,0.52
3,"var_roc_mean_mag + var_roc_mean_pha + var_roc_pha_coh","SVM","Open","No Foil",0.76,1,0.52,0.8303,0.76
3,"var_roc_mean_mag + var_roc_mean_pha + var_roc_pha_coh","SVM","Open","Open",1,1,1,1,1
3,"var_roc_mean_mag + var_roc_std_mag + var_roc_pha_coh","Decision Tree","Foil","Foil",0.98,0.96,1,0.9778,0.98
3,"var_roc_mean_mag + var_roc_std_mag + var_roc_pha_coh","Decision Tree","Foil","No Foil",0.56,0.12,1,0.4524,0.56
3,"var_roc_mean_mag + var_roc_std_mag + var_roc_pha_coh","Decision Tree","Foil","Open",0.5,0,1,NA,0.5
3,"var_roc_mean_mag + var_roc_std_mag + var_roc_pha_coh","Decision Tree","No Foil","Foil",0.6,0.96,0.24,0.7206,0.6
3,"var_roc_mean_mag + var_roc_std_mag + var_roc_pha_coh","Decision Tree","No Foil","No Foil",0.54,0.48,0.6,0.6349,0.54
3,"var_roc_mean_mag + var_roc_std_mag + var_roc_pha_coh","Decision Tree","No Foil","Open",0.7,0.4,1,1,0.7
3,"var_roc_mean_mag + var_roc_std_mag + var_roc_pha_coh","Decision Tree","Open","Foil",0.52,1,0.04,0.6762,0.52
3,"var_roc_mean_mag + var_roc_std_mag + var_roc_pha_coh","Decision Tree","Open","No Foil",0.78,1,0.56,0.8429,0.78
3,"var_roc_mean_mag + var_roc_std_mag + var_roc_pha_coh","Decision Tree","Open","Open",0.98,0.96,1,0.9778,0.98
3,"var_roc_mean_mag + var_roc_std_mag + var_roc_pha_coh","Logistic Regression","Foil","Foil",0.72,0.68,0.76,0.7868,0.72
3,"var_roc_mean_mag + var_roc_std_mag + var_roc_pha_coh","Logistic Regression","Foil","No Foil",0.58,0.16,1,0.5714,0.58
3,"var_roc_mean_mag + var_roc_std_mag + var_roc_pha_coh","Logistic Regression","Foil","Open",0.5,0,1,NA,0.5
3,"var_roc_mean_mag + var_roc_std_mag + var_roc_pha_coh","Logistic Regression","No Foil","Foil",0.74,1,0.48,0.8152,0.74
3,"var_roc_mean_mag + var_roc_std_mag + var_roc_pha_coh","Logistic Regression","No Foil","No Foil",0.74,0.6,0.88,0.7479,0.74
3,"var_roc_mean_mag + var_roc_std_mag + var_roc_pha_coh","Logistic Regression","No Foil","Open",0.66,0.32,1,0.875,0.66
3,"var_roc_mean_mag + var_roc_std_mag + var_roc_pha_coh","Logistic Regression","Open","Foil",0.6,1,0.2,0.7172,0.6
3,"var_roc_mean_mag + var_roc_std_mag + var_roc_pha_coh","Logistic Regression","Open","No Foil",0.72,1,0.44,0.8,0.72
3,"var_roc_mean_mag + var_roc_std_mag + var_roc_pha_coh","Logistic Regression","Open","Open",1,1,1,1,1
3,"var_roc_mean_mag + var_roc_std_mag + var_roc_pha_coh","Random Forest","Foil","Foil",0.94,0.92,0.96,0.9318,0.94
3,"var_roc_mean_mag + var_roc_std_mag + var_roc_pha_coh","Random Forest","Foil","No Foil",0.58,0.16,1,0.5417,0.58
3,"var_roc_mean_mag + var_roc_std_mag + var_roc_pha_coh","Random Forest","Foil","Open",0.5,0,1,NA,0.5
3,"var_roc_mean_mag + var_roc_std_mag + var_roc_pha_coh","Random Forest","No Foil","Foil",0.72,1,0.44,0.8023,0.72
3,"var_roc_mean_mag + var_roc_std_mag + var_roc_pha_coh","Random Forest","No Foil","No Foil",0.62,0.52,0.72,0.8148,0.62
3,"var_roc_mean_mag + var_roc_std_mag + var_roc_pha_coh","Random Forest","No Foil","Open",0.74,0.48,1,0.7232,0.74
3,"var_roc_mean_mag + var_roc_std_mag + var_roc_pha_coh","Random Forest","Open","Foil",0.52,1,0.04,0.6762,0.52
3,"var_roc_mean_mag + var_roc_std_mag + var_roc_pha_coh","Random Forest","Open","No Foil",0.76,1,0.52,0.8247,0.76
3,"var_roc_mean_mag + var_roc_std_mag + var_roc_pha_coh","Random Forest","Open","Open",0.98,0.96,1,0.9778,0.98
3,"var_roc_mean_mag + var_roc_std_mag + var_roc_pha_coh","SVM","Foil","Foil",0.9,0.84,0.96,0.8818,0.9
3,"var_roc_mean_mag + var_roc_std_mag + var_roc_pha_coh","SVM","Foil","No Foil",0.56,0.12,1,0.4524,0.56
3,"var_roc_mean_mag + var_roc_std_mag + var_roc_pha_coh","SVM","Foil","Open",0.5,0,1,NA,0.5
3,"var_roc_mean_mag + var_roc_std_mag + var_roc_pha_coh","SVM","No Foil","Foil",0.68,0.96,0.4,0.765,0.68
3,"var_roc_mean_mag + var_roc_std_mag + var_roc_pha_coh","SVM","No Foil","No Foil",0.78,0.68,0.88,0.852,0.78
3,"var_roc_mean_mag + var_roc_std_mag + var_roc_pha_coh","SVM","No Foil","Open",0.5,0,1,NA,0.5
3,"var_roc_mean_mag + var_roc_std_mag + var_roc_pha_coh","SVM","Open","Foil",0.54,1,0.08,0.6872,0.54
3,"var_roc_mean_mag + var_roc_std_mag + var_roc_pha_coh","SVM","Open","No Foil",0.74,1,0.48,0.8152,0.74
3,"var_roc_mean_mag + var_roc_std_mag + var_roc_pha_coh","SVM","Open","Open",0.98,0.96,1,0.9778,0.98
3,"var_roc_mean_pha + var_roc_std_mag + var_roc_pha_coh","Decision Tree","Foil","Foil",0.98,0.96,1,0.9778,0.98
3,"var_roc_mean_pha + var_roc_std_mag + var_roc_pha_coh","Decision Tree","Foil","No Foil",0.56,0.12,1,0.4524,0.56
3,"var_roc_mean_pha + var_roc_std_mag + var_roc_pha_coh","Decision Tree","Foil","Open",0.5,0,1,NA,0.5
3,"var_roc_mean_pha + var_roc_std_mag + var_roc_pha_coh","Decision Tree","No Foil","Foil",0.7,0.96,0.44,0.7745,0.7
3,"var_roc_mean_pha + var_roc_std_mag + var_roc_pha_coh","Decision Tree","No Foil","No Foil",0.5,0.4,0.6,0.6667,0.5
3,"var_roc_mean_pha + var_roc_std_mag + var_roc_pha_coh","Decision Tree","No Foil","Open",0.7,0.4,1,1,0.7
3,"var_roc_mean_pha + var_roc_std_mag + var_roc_pha_coh","Decision Tree","Open","Foil",0.58,1,0.16,0.7062,0.58
3,"var_roc_mean_pha + var_roc_std_mag + var_roc_pha_coh","Decision Tree","Open","No Foil",0.78,1,0.56,0.8485,0.78
3,"var_roc_mean_pha + var_roc_std_mag + var_roc_pha_coh","Decision Tree","Open","Open",1,1,1,1,1
3,"var_roc_mean_pha + var_roc_std_mag + var_roc_pha_coh","Logistic Regression","Foil","Foil",0.8,0.8,0.8,0.7976,0.8
3,"var_roc_mean_pha + var_roc_std_mag + var_roc_pha_coh","Logistic Regression","Foil","No Foil",0.54,0.08,1,0.5714,0.54
3,"var_roc_mean_pha + var_roc_std_mag + var_roc_pha_coh","Logistic Regression","Foil","Open",0.5,0,1,NA,0.5
3,"var_roc_mean_pha + var_roc_std_mag + var_roc_pha_coh","Logistic Regression","No Foil","Foil",0.78,0.96,0.6,0.823,0.78
3,"var_roc_mean_pha + var_roc_std_mag + var_roc_pha_coh","Logistic Regression","No Foil","No Foil",0.62,0.48,0.76,0.7157,0.62
3,"var_roc_mean_pha + var_roc_std_mag + var_roc_pha_coh","Logistic Regression","No Foil","Open",0.56,0.12,1,0.75,0.56
3,"var_roc_mean_pha + var_roc_std_mag + var_roc_pha_coh","Logistic Regression","Open","Foil",0.5,0.96,0.04,0.6564,0.5
3,"var_roc_mean_pha + var_roc_std_mag + var_roc_pha_coh","Logistic Regression","Open","No Foil",0.7,0.92,0.48,0.7711,0.7
3,"var_roc_mean_pha + var_roc_std_mag + var_roc_pha_coh","Logistic Regression","Open","Open",1,1,1,1,1
3,"var_roc_mean_pha + var_roc_std_mag + var_roc_pha_coh","Random Forest","Foil","Foil",0.86,0.92,0.8,0.8833,0.86
3,"var_roc_mean_pha + var_roc_std_mag + var_roc_pha_coh","Random Forest","Foil","No Foil",0.6,0.2,1,0.4722,0.6
3,"var_roc_mean_pha + var_roc_std_mag + var_roc_pha_coh","Random Forest","Foil","Open",0.5,0,1,NA,0.5
3,"var_roc_mean_pha + var_roc_std_mag + var_roc_pha_coh","Random Forest","No Foil","Foil",0.64,1,0.28,0.7452,0.64
3,"var_roc_mean_pha + var_roc_std_mag + var_roc_pha_coh","Random Forest","No Foil","No Foil",0.54,0.52,0.56,0.7286,0.54
3,"var_roc_mean_pha + var_roc_std_mag + var_roc_pha_coh","Random Forest","No Foil","Open",0.88,0.76,1,0.9722,0.88
3,"var_roc_mean_pha + var_roc_std_mag + var_roc_pha_coh","Random Forest","Open","Foil",0.52,1,0.04,0.6762,0.52
3,"var_roc_mean_pha + var_roc_std_mag + var_roc_pha_coh","Random Forest","Open","No Foil",0.78,1,0.56,0.8485,0.78
3,"var_roc_mean_pha + var_roc_std_mag + var_roc_pha_coh","Random Forest","Open","Open",1,1,1,1,1
3,"var_roc_mean_pha + var_roc_std_mag + var_roc_pha_coh","SVM","Foil","Foil",0.96,0.92,1,0.95,0.96
3,"var_roc_mean_pha + var_roc_std_mag + var_roc_pha_coh","SVM","Foil","No Foil",0.56,0.12,1,0.4524,0.56
3,"var_roc_mean_pha + var_roc_std_mag + var_roc_pha_coh","SVM","Foil","Open",0.5,0,1,NA,0.5
3,"var_roc_mean_pha + var_roc_std_mag + var_roc_pha_coh","SVM","No Foil","Foil",0.72,0.96,0.48,0.7873,0.72
3,"var_roc_mean_pha + var_roc_std_mag + var_roc_pha_coh","SVM","No Foil","No Foil",0.66,0.56,0.76,0.6845,0.66
3,"var_roc_mean_pha + var_roc_std_mag + var_roc_pha_coh","SVM","No Foil","Open",0.5,0,1,NA,0.5
3,"var_roc_mean_pha + var_roc_std_mag + var_roc_pha_coh","SVM","Open","Foil",0.52,1,0.04,0.6762,0.52
3,"var_roc_mean_pha + var_roc_std_mag + var_roc_pha_coh","SVM","Open","No Foil",0.72,0.96,0.48,0.7929,0.72
3,"var_roc_mean_pha + var_roc_std_mag + var_roc_pha_coh","SVM","Open","Open",1,1,1,1,1
4,"var_roc_mean_mag + var_roc_mean_pha + var_roc_std_mag + var_roc_pha_coh","Decision Tree","Foil","Foil",0.98,0.96,1,0.9778,0.98
4,"var_roc_mean_mag + var_roc_mean_pha + var_roc_std_mag + var_roc_pha_coh","Decision Tree","Foil","No Foil",0.56,0.12,1,0.4524,0.56
4,"var_roc_mean_mag + var_roc_mean_pha + var_roc_std_mag + var_roc_pha_coh","Decision Tree","Foil","Open",0.5,0,1,NA,0.5
4,"var_roc_mean_mag + var_roc_mean_pha + var_roc_std_mag + var_roc_pha_coh","Decision Tree","No Foil","Foil",0.62,0.96,0.28,0.7302,0.62
4,"var_roc_mean_mag + var_roc_mean_pha + var_roc_std_mag + var_roc_pha_coh","Decision Tree","No Foil","No Foil",0.54,0.48,0.6,0.6349,0.54
4,"var_roc_mean_mag + var_roc_mean_pha + var_roc_std_mag + var_roc_pha_coh","Decision Tree","No Foil","Open",0.7,0.4,1,1,0.7
4,"var_roc_mean_mag + var_roc_mean_pha + var_roc_std_mag + var_roc_pha_coh","Decision Tree","Open","Foil",0.52,1,0.04,0.6762,0.52
4,"var_roc_mean_mag + var_roc_mean_pha + var_roc_std_mag + var_roc_pha_coh","Decision Tree","Open","No Foil",0.78,1,0.56,0.8429,0.78
4,"var_roc_mean_mag + var_roc_mean_pha + var_roc_std_mag + var_roc_pha_coh","Decision Tree","Open","Open",0.98,0.96,1,0.9778,0.98
4,"var_roc_mean_mag + var_roc_mean_pha + var_roc_std_mag + var_roc_pha_coh","Logistic Regression","Foil","Foil",0.7,0.68,0.72,0.7679,0.7
4,"var_roc_mean_mag + var_roc_mean_pha + var_roc_std_mag + var_roc_pha_coh","Logistic Regression","Foil","No Foil",0.54,0.08,1,0.5714,0.54
4,"var_roc_mean_mag + var_roc_mean_pha + var_roc_std_mag + var_roc_pha_coh","Logistic Regression","Foil","Open",0.5,0,1,NA,0.5
4,"var_roc_mean_mag + var_roc_mean_pha + var_roc_std_mag + var_roc_pha_coh","Logistic Regression","No Foil","Foil",0.74,1,0.48,0.8152,0.74
4,"var_roc_mean_mag + var_roc_mean_pha + var_roc_std_mag + var_roc_pha_coh","Logistic Regression","No Foil","No Foil",0.74,0.6,0.88,0.7479,0.74
4,"var_roc_mean_mag + var_roc_mean_pha + var_roc_std_mag + var_roc_pha_coh","Logistic Regression","No Foil","Open",0.66,0.32,1,0.875,0.66
4,"var_roc_mean_mag + var_roc_mean_pha + var_roc_std_mag + var_roc_pha_coh","Logistic Regression","Open","Foil",0.5,0.96,0.04,0.6564,0.5
4,"var_roc_mean_mag + var_roc_mean_pha + var_roc_std_mag + var_roc_pha_coh","Logistic Regression","Open","No Foil",0.7,0.92,0.48,0.7711,0.7
4,"var_roc_mean_mag + var_roc_mean_pha + var_roc_std_mag + var_roc_pha_coh","Logistic Regression","Open","Open",1,1,1,1,1
4,"var_roc_mean_mag + var_roc_mean_pha + var_roc_std_mag + var_roc_pha_coh","Random Forest","Foil","Foil",0.9,0.96,0.84,0.9206,0.9
4,"var_roc_mean_mag + var_roc_mean_pha + var_roc_std_mag + var_roc_pha_coh","Random Forest","Foil","No Foil",0.58,0.16,1,0.5417,0.58
4,"var_roc_mean_mag + var_roc_mean_pha + var_roc_std_mag + var_roc_pha_coh","Random Forest","Foil","Open",0.5,0,1,NA,0.5
4,"var_roc_mean_mag + var_roc_mean_pha + var_roc_std_mag + var_roc_pha_coh","Random Forest","No Foil","Foil",0.62,1,0.24,0.73,0.62
4,"var_roc_mean_mag + var_roc_mean_pha + var_roc_std_mag + var_roc_pha_coh","Random Forest","No Foil","No Foil",0.62,0.56,0.68,0.8215,0.62
4,"var_roc_mean_mag + var_roc_mean_pha + var_roc_std_mag + var_roc_pha_coh","Random Forest","No Foil","Open",0.84,0.68,1,0.9097,0.84
4,"var_roc_mean_mag + var_roc_mean_pha + var_roc_std_mag + var_roc_pha_coh","Random Forest","Open","Foil",0.52,1,0.04,0.6762,0.52
4,"var_roc_mean_mag + var_roc_mean_pha + var_roc_std_mag + var_roc_pha_coh","Random Forest","Open","No Foil",0.78,1,0.56,0.8485,0.78
4,"var_roc_mean_mag + var_roc_mean_pha + var_roc_std_mag + var_roc_pha_coh","Random Forest","Open","Open",1,1,1,1,1
4,"var_roc_mean_mag + var_roc_mean_pha + var_roc_std_mag + var_roc_pha_coh","SVM","Foil","Foil",0.9,0.88,0.92,0.8944,0.9
4,"var_roc_mean_mag + var_roc_mean_pha + var_roc_std_mag + var_roc_pha_coh","SVM","Foil","No Foil",0.56,0.12,1,0.4524,0.56
4,"var_roc_mean_mag + var_roc_mean_pha + var_roc_std_mag + var_roc_pha_coh","SVM","Foil","Open",0.5,0,1,NA,0.5
4,"var_roc_mean_mag + var_roc_mean_pha + var_roc_std_mag + var_roc_pha_coh","SVM","No Foil","Foil",0.68,0.96,0.4,0.765,0.68
4,"var_roc_mean_mag + var_roc_mean_pha + var_roc_std_mag + var_roc_pha_coh","SVM","No Foil","No Foil",0.76,0.68,0.84,0.8312,0.76
4,"var_roc_mean_mag + var_roc_mean_pha + var_roc_std_mag + var_roc_pha_coh","SVM","No Foil","Open",0.5,0,1,NA,0.5
4,"var_roc_mean_mag + var_roc_mean_pha + var_roc_std_mag + var_roc_pha_coh","SVM","Open","Foil",0.52,1,0.04,0.6762,0.52
4,"var_roc_mean_mag + var_roc_mean_pha + var_roc_std_mag + var_roc_pha_coh","SVM","Open","No Foil",0.72,0.96,0.48,0.7929,0.72
4,"var_roc_mean_mag + var_roc_mean_pha + var_roc_std_mag + var_roc_pha_coh","SVM","Open","Open",1,1,1,1,1
