"feature","subject","comparison","z","p_adj_bonferroni"
"Mean_Magnitude","abel","foil - nofoil",4.724,0
"Mean_Magnitude","abel","foil - open",2.896,0.0114
"Mean_Magnitude","abel","nofoil - open",-1.829,0.2023
"Mean_Magnitude","collin","foil - nofoil",2.667,0.023
"Mean_Magnitude","collin","foil - open",-0.686,1
"Mean_Magnitude","collin","nofoil - open",-3.353,0.0024
"Mean_Magnitude","ivan","foil - nofoil",-2.642,0.0248
"Mean_Magnitude","ivan","foil - open",1.727,0.2524
"Mean_Magnitude","ivan","nofoil - open",4.369,0
"Mean_Magnitude","kenny","foil - nofoil",2.413,0.0475
"Mean_Magnitude","kenny","foil - open",4.978,0
"Mean_Magnitude","kenny","nofoil - open",2.565,0.0309
"Mean_Magnitude","matthew","foil - nofoil",2.54,0.0333
"Mean_Magnitude","matthew","foil - open",5.08,0
"Mean_Magnitude","matthew","nofoil - open",2.54,0.0333
"Mean_Phase","abel","foil - nofoil",-0.152,1
"Mean_Phase","abel","foil - open",3.505,0.0014
"Mean_Phase","abel","nofoil - open",3.658,8e-04
"Mean_Phase","collin","foil - nofoil",-2.159,0.0925
"Mean_Phase","collin","foil - open",-3.327,0.0026
"Mean_Phase","collin","nofoil - open",-1.168,0.7279
"Mean_Phase","ivan","foil - nofoil",4.166,1e-04
"Mean_Phase","ivan","foil - open",1.016,0.9289
"Mean_Phase","ivan","nofoil - open",-3.15,0.0049
"Mean_Phase","kenny","foil - nofoil",3.302,0.0029
"Mean_Phase","kenny","foil - open",-0.94,1
"Mean_Phase","kenny","nofoil - open",-4.242,1e-04
"Mean_Phase","matthew","foil - nofoil",-1.727,0.2524
"Mean_Phase","matthew","foil - open",0.432,1
"Mean_Phase","matthew","nofoil - open",2.159,0.0925
"Std_Magnitude","abel","foil - nofoil",4.775,0
"Std_Magnitude","abel","foil - open",2.845,0.0133
"Std_Magnitude","abel","nofoil - open",-1.93,0.1607
"Std_Magnitude","collin","foil - nofoil",3.48,0.0015
"Std_Magnitude","collin","foil - open",1.245,0.6398
"Std_Magnitude","collin","nofoil - open",-2.235,0.0762
"Std_Magnitude","ivan","foil - nofoil",-2.032,0.1265
"Std_Magnitude","ivan","foil - open",2.261,0.0714
"Std_Magnitude","ivan","nofoil - open",4.293,1e-04
"Std_Magnitude","kenny","foil - nofoil",2.54,0.0333
"Std_Magnitude","kenny","foil - open",5.08,0
"Std_Magnitude","kenny","nofoil - open",2.54,0.0333
"Std_Magnitude","matthew","foil - nofoil",2.54,0.0333
"Std_Magnitude","matthew","foil - open",5.08,0
"Std_Magnitude","matthew","nofoil - open",2.54,0.0333
"Phase_Coherence","abel","foil - nofoil",-4.928,0
"Phase_Coherence","abel","foil - open",-2.692,0.0213
"Phase_Coherence","abel","nofoil - open",2.235,0.0762
"Phase_Coherence","collin","foil - nofoil",0.508,1
"Phase_Coherence","collin","foil - open",-1.346,0.5347
"Phase_Coherence","collin","nofoil - open",-1.854,0.1911
"Phase_Coherence","ivan","foil - nofoil",2.616,0.0267
"Phase_Coherence","ivan","foil - open",-2.388,0.0509
"Phase_Coherence","ivan","nofoil - open",-5.004,0
"Phase_Coherence","kenny","foil - nofoil",2.54,0.0333
"Phase_Coherence","kenny","foil - open",-2.54,0.0333
"Phase_Coherence","kenny","nofoil - open",-5.08,0
"Phase_Coherence","matthew","foil - nofoil",-2.54,0.0333
"Phase_Coherence","matthew","foil - open",-5.08,0
"Phase_Coherence","matthew","nofoil - open",-2.54,0.0333
