"feature","subject","n_sessions","chi_squared","df","p_value","epsilon_sq","p_adj_holm","significant"
"Mean_Magnitude","abel",30,22.699,2,0,0.783,0,"Yes"
"Mean_Magnitude","collin",30,12.55,2,0.0019,0.433,0.0019,"Yes"
"Mean_Magnitude","ivan",30,19.365,2,1e-04,0.668,1e-04,"Yes"
"Mean_Magnitude","kenny",30,24.792,2,0,0.855,0,"Yes"
"Mean_Magnitude","matthew",30,25.806,2,0,0.89,0,"Yes"
"Mean_Phase","abel",30,17.125,2,2e-04,0.591,6e-04,"Yes"
"Mean_Phase","collin",30,11.399,2,0.0033,0.393,0.0067,"Yes"
"Mean_Phase","ivan",30,18.87,2,1e-04,0.651,3e-04,"Yes"
"Mean_Phase","kenny",30,19.853,2,0,0.685,2e-04,"Yes"
"Mean_Phase","matthew",30,5.221,2,0.0735,0.18,0.0735,"No"
"Std_Magnitude","abel",30,23.081,2,0,0.796,0,"Yes"
"Std_Magnitude","collin",30,12.436,2,0.002,0.429,0.002,"Yes"
"Std_Magnitude","ivan",30,18.444,2,1e-04,0.636,2e-04,"Yes"
"Std_Magnitude","kenny",30,25.806,2,0,0.89,0,"Yes"
"Std_Magnitude","matthew",30,25.806,2,0,0.89,0,"Yes"
"Phase_Coherence","abel",30,24.351,2,0,0.84,0,"Yes"
"Phase_Coherence","collin",30,3.672,2,0.1594,0.127,0.1594,"No"
"Phase_Coherence","ivan",30,25.055,2,0,0.864,0,"Yes"
"Phase_Coherence","kenny",30,25.806,2,0,0.89,0,"Yes"
"Phase_Coherence","matthew",30,25.806,2,0,0.89,0,"Yes"
