"model","train_environment","test_environment","n_folds","accuracy_mean","accuracy_sd","accuracy_ci_lower","accuracy_ci_upper","balanced_accuracy_mean","balanced_accuracy_sd","balanced_accuracy_ci_lower","balanced_accuracy_ci_upper","sensitivity_mean","sensitivity_sd","sensitivity_ci_lower","sensitivity_ci_upper","specificity_mean","specificity_sd","specificity_ci_lower","specificity_ci_upper","mcc_mean","mcc_sd","mcc_ci_lower","mcc_ci_upper"
"Decision Tree","Foil","Foil",5,0.76,0.1949,0.518,1,0.76,0.1949,0.518,1,0.76,0.3286,0.3519,1,0.76,0.4336,0.2216,1,0.5566,0.3749,0.091,1
"Decision Tree","Foil","No Foil",5,0.54,0.0894,0.4289,0.6511,0.54,0.0894,0.4289,0.6511,0.08,0.1789,0,0.3021,1,0,1,1,0.1,0.2236,-0.1776,0.3776
"Decision Tree","Foil","Open",5,0.5,0,0.5,0.5,0.5,0,0.5,0.5,0,0,0,0,1,0,1,1,0,0,0,0
"Decision Tree","No Foil","Foil",5,0.6,0.1732,0.3849,0.8151,0.6,0.1732,0.3849,0.8151,0.96,0.0894,0.8489,1,0.24,0.4336,0,0.7784,0.23,0.3582,-0.2149,0.6748
"Decision Tree","No Foil","No Foil",5,0.6,0.1,0.4758,0.7242,0.6,0.1,0.4758,0.7242,0.68,0.4604,0.1083,1,0.52,0.4604,0,1,0.2667,0.2528,-0.0472,0.5805
"Decision Tree","No Foil","Open",5,0.8,0.2739,0.46,1,0.8,0.2739,0.46,1,0.6,0.5477,0,1,1,0,1,1,0.6,0.5477,-0.0801,1
"Decision Tree","Open","Foil",5,0.52,0.0447,0.4645,0.5755,0.52,0.0447,0.4645,0.5755,1,0,1,1,0.04,0.0894,0,0.1511,0.0667,0.1491,-0.1184,0.2518
"Decision Tree","Open","No Foil",5,0.78,0.228,0.4969,1,0.78,0.228,0.4969,1,1,0,1,1,0.56,0.4561,0,1,0.5976,0.4342,0.0585,1
"Decision Tree","Open","Open",5,0.98,0.0447,0.9245,1,0.98,0.0447,0.9245,1,0.96,0.0894,0.8489,1,1,0,1,1,0.9633,0.0821,0.8614,1
"Logistic Regression","Foil","Foil",5,0.8,0.1871,0.5677,1,0.8,0.1871,0.5677,1,0.76,0.3286,0.3519,1,0.84,0.3578,0.3958,1,0.6599,0.3074,0.2782,1
"Logistic Regression","Foil","No Foil",5,0.5,0,0.5,0.5,0.5,0,0.5,0.5,0,0,0,0,1,0,1,1,0,0,0,0
"Logistic Regression","Foil","Open",5,0.5,0,0.5,0.5,0.5,0,0.5,0.5,0,0,0,0,1,0,1,1,0,0,0,0
"Logistic Regression","No Foil","Foil",5,0.6,0.1414,0.4244,0.7756,0.6,0.1414,0.4244,0.7756,0.96,0.0894,0.8489,1,0.24,0.3578,0,0.6842,0.22,0.3033,-0.1566,0.5966
"Logistic Regression","No Foil","No Foil",5,0.74,0.2302,0.4541,1,0.74,0.2302,0.4541,1,0.68,0.4147,0.165,1,0.8,0.4472,0.2447,1,0.4942,0.4674,-0.0861,1
"Logistic Regression","No Foil","Open",5,0.6,0.1414,0.4244,0.7756,0.6,0.1414,0.4244,0.7756,0.2,0.2828,0,0.5512,1,0,1,1,0.2309,0.3209,-0.1675,0.6294
"Logistic Regression","Open","Foil",5,0.52,0.0447,0.4645,0.5755,0.52,0.0447,0.4645,0.5755,1,0,1,1,0.04,0.0894,0,0.1511,0.0667,0.1491,-0.1184,0.2518
"Logistic Regression","Open","No Foil",5,0.78,0.228,0.4969,1,0.78,0.228,0.4969,1,1,0,1,1,0.56,0.4561,0,1,0.5976,0.4342,0.0585,1
"Logistic Regression","Open","Open",5,0.98,0.0447,0.9245,1,0.98,0.0447,0.9245,1,0.96,0.0894,0.8489,1,1,0,1,1,0.9633,0.0821,0.8614,1
"Random Forest","Foil","Foil",5,0.78,0.1304,0.6181,0.9419,0.78,0.1304,0.6181,0.9419,0.72,0.3347,0.3045,1,0.84,0.2608,0.5162,1,0.6242,0.2091,0.3645,0.8838
"Random Forest","Foil","No Foil",5,0.52,0.1483,0.3358,0.7042,0.52,0.1483,0.3358,0.7042,0.12,0.1789,0,0.3421,0.92,0.1789,0.6979,1,0.0667,0.3837,-0.4098,0.5431
"Random Forest","Foil","Open",5,0.5,0,0.5,0.5,0.5,0,0.5,0.5,0,0,0,0,1,0,1,1,0,0,0,0
"Random Forest","No Foil","Foil",5,0.74,0.2302,0.4541,1,0.74,0.2302,0.4541,1,1,0,1,1,0.48,0.4604,0,1,0.4942,0.4674,-0.0861,1
"Random Forest","No Foil","No Foil",5,0.7,0.1225,0.5479,0.8521,0.7,0.1225,0.5479,0.8521,0.64,0.2608,0.3162,0.9638,0.76,0.4336,0.2216,1,0.4509,0.2607,0.1272,0.7746
"Random Forest","No Foil","Open",5,0.66,0.1517,0.4717,0.8483,0.66,0.1517,0.4717,0.8483,0.32,0.3033,0,0.6966,1,0,1,1,0.3966,0.2968,0.0281,0.7651
"Random Forest","Open","Foil",5,0.52,0.0447,0.4645,0.5755,0.52,0.0447,0.4645,0.5755,1,0,1,1,0.04,0.0894,0,0.1511,0.0667,0.1491,-0.1184,0.2518
"Random Forest","Open","No Foil",5,0.78,0.228,0.4969,1,0.78,0.228,0.4969,1,1,0,1,1,0.56,0.4561,0,1,0.5976,0.4342,0.0585,1
"Random Forest","Open","Open",5,0.98,0.0447,0.9245,1,0.98,0.0447,0.9245,1,0.96,0.0894,0.8489,1,1,0,1,1,0.9633,0.0821,0.8614,1
"SVM","Foil","Foil",5,0.8,0.1871,0.5677,1,0.8,0.1871,0.5677,1,0.76,0.3286,0.3519,1,0.84,0.3578,0.3958,1,0.6599,0.3074,0.2782,1
"SVM","Foil","No Foil",5,0.5,0,0.5,0.5,0.5,0,0.5,0.5,0,0,0,0,1,0,1,1,0,0,0,0
"SVM","Foil","Open",5,0.5,0,0.5,0.5,0.5,0,0.5,0.5,0,0,0,0,1,0,1,1,0,0,0,0
"SVM","No Foil","Foil",5,0.64,0.1517,0.4517,0.8283,0.64,0.1517,0.4517,0.8283,0.96,0.0894,0.8489,1,0.32,0.3633,0,0.7711,0.3176,0.3144,-0.0728,0.708
"SVM","No Foil","No Foil",5,0.72,0.2168,0.4508,0.9892,0.72,0.2168,0.4508,0.9892,0.64,0.4099,0.1311,1,0.8,0.4472,0.2447,1,0.4619,0.4446,-0.0901,1
"SVM","No Foil","Open",5,0.54,0.0894,0.4289,0.6511,0.54,0.0894,0.4289,0.6511,0.08,0.1789,0,0.3021,1,0,1,1,0.1,0.2236,-0.1776,0.3776
"SVM","Open","Foil",5,0.54,0.0548,0.472,0.608,0.54,0.0548,0.472,0.608,1,0,1,1,0.08,0.1095,0,0.216,0.1333,0.1826,-0.0934,0.36
"SVM","Open","No Foil",5,0.78,0.228,0.4969,1,0.78,0.228,0.4969,1,1,0,1,1,0.56,0.4561,0,1,0.5976,0.4342,0.0585,1
"SVM","Open","Open",5,0.98,0.0447,0.9245,1,0.98,0.0447,0.9245,1,0.96,0.0894,0.8489,1,1,0,1,1,0.9633,0.0821,0.8614,1
