"held_out","environment","fence","subject","pct_removed"
"abel","open",10.62,"abel",2.26598898771707
"abel","open",10.62,"collin",2.33763486354982
"abel","open",10.62,"ivan",2.93900768987675
"abel","open",10.62,"kenny",2.4501003273841
"abel","open",10.62,"matthew",1.59982935153584
"abel","foil",4.69,"abel",5.9924712585207
"abel","foil",4.69,"collin",3.6101083032491
"abel","foil",4.69,"ivan",3.30535152151102
"abel","foil",4.69,"kenny",3.20418848167539
"abel","foil",4.69,"matthew",16.3224273441784
"abel","nofoil",6.75,"abel",1.37074319982866
"abel","nofoil",6.75,"collin",1.41070856043604
"abel","nofoil",6.75,"ivan",3.21499633469473
"abel","nofoil",6.75,"kenny",4.71668902879554
"abel","nofoil",6.75,"matthew",4.0699489955241
"collin","open",10.66,"abel",2.26598898771707
"collin","open",10.66,"collin",2.33763486354982
"collin","open",10.66,"ivan",3.05488254503318
"collin","open",10.66,"kenny",2.47122188193051
"collin","open",10.66,"matthew",1.62116040955631
"collin","foil",6.37,"abel",5.9924712585207
"collin","foil",6.37,"collin",3.6101083032491
"collin","foil",6.37,"ivan",3.30535152151102
"collin","foil",6.37,"kenny",3.20418848167539
"collin","foil",6.37,"matthew",16.3224273441784
"collin","nofoil",7.21,"abel",1.37074319982866
"collin","nofoil",7.21,"collin",1.41070856043604
"collin","nofoil",7.21,"ivan",3.21499633469473
"collin","nofoil",7.21,"kenny",4.71668902879554
"collin","nofoil",7.21,"matthew",4.0699489955241
"ivan","open",10.79,"abel",2.27657772130453
"ivan","open",10.79,"collin",2.33763486354982
"ivan","open",10.79,"ivan",5.59359528073317
"ivan","open",10.79,"kenny",2.50290421375013
"ivan","open",10.79,"matthew",3.02901023890785
"ivan","foil",5,"abel",5.9924712585207
"ivan","foil",5,"collin",3.6101083032491
"ivan","foil",5,"ivan",3.30535152151102
"ivan","foil",5,"kenny",3.20418848167539
"ivan","foil",5,"matthew",16.3224273441784
"ivan","nofoil",9.1,"abel",1.37074319982866
"ivan","nofoil",9.1,"collin",1.41070856043604
"ivan","nofoil",9.1,"ivan",3.21499633469473
"ivan","nofoil",9.1,"kenny",4.71668902879554
"ivan","nofoil",9.1,"matthew",4.0699489955241
"kenny","open",10.66,"abel",2.26598898771707
"kenny","open",10.66,"collin",2.33763486354982
"kenny","open",10.66,"ivan",3.08648477825766
"kenny","open",10.66,"kenny",2.47122188193051
"kenny","open",10.66,"matthew",1.62116040955631
"kenny","foil",3.58,"abel",5.9416013836606
"kenny","foil",3.58,"collin",3.6101083032491
"kenny","foil",3.58,"ivan",3.30535152151102
"kenny","foil",3.58,"kenny",3.20418848167539
"kenny","foil",3.58,"matthew",16.3224273441784
"kenny","nofoil",7.55,"abel",1.37074319982866
"kenny","nofoil",7.55,"collin",1.41070856043604
"kenny","nofoil",7.55,"ivan",3.21499633469473
"kenny","nofoil",7.55,"kenny",4.71668902879554
"kenny","nofoil",7.55,"matthew",4.0699489955241
"matthew","open",10.8,"abel",2.27657772130453
"matthew","open",10.8,"collin",2.33763486354982
"matthew","open",10.8,"ivan",6.00442431265143
"matthew","open",10.8,"kenny",2.51346499102334
"matthew","open",10.8,"matthew",3.40230375426621
"matthew","foil",3.97,"abel",5.98229728354868
"matthew","foil",3.97,"collin",3.6101083032491
"matthew","foil",3.97,"ivan",3.30535152151102
"matthew","foil",3.97,"kenny",3.20418848167539
"matthew","foil",3.97,"matthew",16.3224273441784
"matthew","nofoil",6.33,"abel",1.37074319982866
"matthew","nofoil",6.33,"collin",1.41070856043604
"matthew","nofoil",6.33,"ivan",3.21499633469473
"matthew","nofoil",6.33,"kenny",4.71668902879554
"matthew","nofoil",6.33,"matthew",4.0699489955241
