"environment","subject","session_id","activity","n_rows"
"open","abel","20251024_085051","walking",944
"open","abel","20251024_085239","standing",950
"open","abel","20251024_085426","walking",941
"open","abel","20251024_085615","standing",940
"open","abel","20251024_085804","walking",955
"open","abel","20251024_085953","standing",938
"open","abel","20251024_090158","walking",937
"open","abel","20251024_090343","standing",954
"open","abel","20251024_090532","walking",944
"open","abel","20251024_090716","standing",941
"open","collin","20251024_095030","walking",939
"open","collin","20251024_095223","standing",947
"open","collin","20251024_095415","walking",947
"open","collin","20251024_095710","standing",942
"open","collin","20251024_095904","walking",945
"open","collin","20251024_100050","standing",952
"open","collin","20251024_100239","walking",942
"open","collin","20251024_100425","standing",958
"open","collin","20251024_100614","walking",938
"open","collin","20251024_100806","standing",944
"open","ivan","20251024_090944","walking",935
"open","ivan","20251024_091213","standing",936
"open","ivan","20251024_091405","walking",944
"open","ivan","20251024_091619","standing",941
"open","ivan","20251024_091815","walking",984
"open","ivan","20251024_092002","standing",942
"open","ivan","20251024_092155","walking",949
"open","ivan","20251024_092348","standing",969
"open","ivan","20251024_092535","walking",955
"open","ivan","20251024_092731","standing",938
"open","kenny","20251024_083217","walking",946
"open","kenny","20251024_083406","standing",956
"open","kenny","20251024_083553","walking",939
"open","kenny","20251024_083741","standing",941
"open","kenny","20251024_083926","walking",949
"open","kenny","20251024_084121","standing",949
"open","kenny","20251024_084310","walking",946
"open","kenny","20251024_084455","standing",939
"open","kenny","20251024_084643","walking",935
"open","kenny","20251024_084836","standing",969
"open","matthew","20251024_093103","walking",937
"open","matthew","20251024_093255","standing",932
"open","matthew","20251024_093439","walking",951
"open","matthew","20251024_093629","standing",939
"open","matthew","20251024_093811","walking",940
"open","matthew","20251024_094011","standing",936
"open","matthew","20251024_094156","walking",946
"open","matthew","20251024_094343","standing",936
"open","matthew","20251024_094529","walking",929
"open","matthew","20251024_094717","standing",930
"foil","abel","20251015_175512","standing",966
"foil","abel","20251015_175658","walking",971
"foil","abel","20251015_175845","standing",989
"foil","abel","20251015_180027","walking",982
"foil","abel","20251015_180210","standing",965
"foil","abel","20251015_180400","walking",1001
"foil","abel","20251015_180554","standing",1003
"foil","abel","20251015_180741","walking",1004
"foil","abel","20251015_180942","standing",978
"foil","abel","20251015_181151","walking",970
"foil","collin","20251016_181335","standing",967
"foil","collin","20251016_181537","walking",937
"foil","collin","20251016_181716","standing",969
"foil","collin","20251016_181856","walking",963
"foil","collin","20251016_182147","standing",956
"foil","collin","20251016_182329","walking",951
"foil","collin","20251016_182514","standing",958
"foil","collin","20251016_182732","walking",974
"foil","collin","20251016_182927","standing",864
"foil","collin","20251016_183114","walking",48
"foil","ivan","20251016_171834","standing",956
"foil","ivan","20251016_172249","walking",963
"foil","ivan","20251016_172516","standing",958
"foil","ivan","20251016_173033","walking",965
"foil","ivan","20251016_173252","standing",949
"foil","ivan","20251016_173453","walking",950
"foil","ivan","20251016_173642","standing",973
"foil","ivan","20251016_173831","walking",941
"foil","ivan","20251016_174040","standing",947
"foil","ivan","20251016_174413","walking",928
"foil","kenny","20251016_175326","standing",949
"foil","kenny","20251016_175511","walking",953
"foil","kenny","20251016_175745","standing",957
"foil","kenny","20251016_175933","walking",959
"foil","kenny","20251016_180127","standing",960
"foil","kenny","20251016_180316","walking",950
"foil","kenny","20251016_180504","standing",947
"foil","kenny","20251016_180644","walking",954
"foil","kenny","20251016_180851","standing",954
"foil","kenny","20251016_181035","walking",967
"foil","matthew","20251015_164911","standing",1026
"foil","matthew","20251015_165100","walking",1331
"foil","matthew","20251015_165246","standing",1143
"foil","matthew","20251015_165542","walking",1313
"foil","matthew","20251015_165730","standing",982
"foil","matthew","20251015_165935","walking",980
"foil","matthew","20251015_170146","standing",989
"foil","matthew","20251015_170352","walking",1075
"foil","matthew","20251015_170548","standing",1065
"foil","matthew","20251015_170741","walking",1038
"nofoil","abel","20251010_142840","standing",935
"nofoil","abel","20251010_143031","walking",928
"nofoil","abel","20251010_143219","standing",928
"nofoil","abel","20251010_143403","walking",935
"nofoil","abel","20251010_143551","standing",931
"nofoil","abel","20251010_143736","walking",937
"nofoil","abel","20251010_143921","standing",933
"nofoil","abel","20251010_144106","walking",939
"nofoil","abel","20251010_144257","standing",935
"nofoil","abel","20251010_144441","walking",937
"nofoil","collin","20251010_140858","standing",931
"nofoil","collin","20251010_141044","walking",936
"nofoil","collin","20251010_141229","standing",934
"nofoil","collin","20251010_141413","walking",935
"nofoil","collin","20251010_141559","standing",934
"nofoil","collin","20251010_141742","walking",934
"nofoil","collin","20251010_141927","standing",942
"nofoil","collin","20251010_142110","walking",934
"nofoil","collin","20251010_142255","standing",940
"nofoil","collin","20251010_142439","walking",937
"nofoil","ivan","20251009_183050","standing",948
"nofoil","ivan","20251009_183235","walking",947
"nofoil","ivan","20251009_183419","standing",970
"nofoil","ivan","20251009_183604","walking",969
"nofoil","ivan","20251009_183754","standing",953
"nofoil","ivan","20251009_183936","walking",960
"nofoil","ivan","20251009_184118","standing",953
"nofoil","ivan","20251009_184305","walking",959
"nofoil","ivan","20251009_184449","standing",947
"nofoil","ivan","20251009_184644","walking",943
"nofoil","kenny","20251009_180944","standing",971
"nofoil","kenny","20251009_181204","walking",951
"nofoil","kenny","20251009_181349","standing",967
"nofoil","kenny","20251009_181639","walking",970
"nofoil","kenny","20251009_181824","standing",995
"nofoil","kenny","20251009_182007","walking",964
"nofoil","kenny","20251009_182155","standing",965
"nofoil","kenny","20251009_182338","walking",989
"nofoil","kenny","20251009_182522","standing",964
"nofoil","kenny","20251009_182705","walking",953
"nofoil","matthew","20251011_144222","standing",925
"nofoil","matthew","20251011_144412","walking",930
"nofoil","matthew","20251011_144630","standing",933
"nofoil","matthew","20251011_144816","walking",936
"nofoil","matthew","20251011_145204","standing",946
"nofoil","matthew","20251011_145350","walking",936
"nofoil","matthew","20251011_145538","standing",1037
"nofoil","matthew","20251011_145731","walking",1062
"nofoil","matthew","20251011_145915","standing",946
"nofoil","matthew","20251011_150100","walking",956
