"environment","subject","activity","n_sessions"
"open","abel","standing",5
"open","abel","walking",5
"open","collin","standing",5
"open","collin","walking",5
"open","ivan","standing",5
"open","ivan","walking",5
"open","kenny","standing",5
"open","kenny","walking",5
"open","matthew","standing",5
"open","matthew","walking",5
"foil","abel","standing",5
"foil","abel","walking",5
"foil","collin","standing",5
"foil","collin","walking",5
"foil","ivan","standing",5
"foil","ivan","walking",5
"foil","kenny","standing",5
"foil","kenny","walking",5
"foil","matthew","standing",5
"foil","matthew","walking",5
"nofoil","abel","standing",5
"nofoil","abel","walking",5
"nofoil","collin","standing",5
"nofoil","collin","walking",5
"nofoil","ivan","standing",5
"nofoil","ivan","walking",5
"nofoil","kenny","standing",5
"nofoil","kenny","walking",5
"nofoil","matthew","standing",5
"nofoil","matthew","walking",5
